HLA,Peptide,agg_label,icore_mut,icore_wt_aligned,mean_pred
HLA-A3101,AFGSAHLFR,1,AFGSAHLFR,AFGSAHLYR,0.19371469020619372
HLA-A1101,AIANRIKFK,0,AIANRIKFK,AIANRIKSK,0.28184491860632094
HLA-A0201,AICKPLHYV,0,AICKPLHYV,AICKPLHYM,0.2237645593757664
HLA-A0201,AIPAMVVPNV,0,AIPAMVVPNV,AIPAMVVPNA,0.13919108296138133
HLA-A0101,ALEVLQSIPY,0,ALEVLQSIPY,APEVLQSIPY,0.07070404803567855
HLA-A0201,ALGTLLHTNV,0,ALGTLLHTNV,ALGTLLHTNL,0.1466086548260522
HLA-A0201,ALLMCLLPL,0,ALLMCLLPL,ALLMCPLPL,0.264428603647531
HLA-A0201,ALVGAISSI,0,ALVGAISSI,ALVGAIPSI,0.18294978827786762
HLA-A0201,AMIAKISNEL,0,MIAKISNEL,MITKISNEL,0.16409995008592462
HLA-A0101,ASIRNANLY,0,ASIRNANLY,ASIRDANLY,0.21105309172661543
HLA-A1101,ASLDGASLEK,0,ASLDGASLEK,ASPDGASLEK,0.12174243355714562
HLA-A0101,ATALLEYLEY,0,ATALLEYLEY,ATALLEYPEY,0.20555855212932972
HLA-A1101,CILGKLFTK,1,CILGKLFTK,CILGELFTK,0.2908085321006093
HLA-A1101,CILGKLFTKK,1,CILGKLFTK,CILGELFTK,0.2908085321006093
HLA-A0201,CLFLEIYTV,0,CLFLEIYTV,CLFLGIYTV,0.2926366603729391
HLA-A0201,CMQANSHYA,0,CMQANSHYA,CMQANPHYA,0.18503031105861095
HLA-A0101,CSNFLLLAY,0,CSNFLLLAY,CSNFSLLAY,0.27767179989067475
HLA-A0101,CTAGASSLLV,0,CTAGASSLL,CTAGAGSLL,0.09952797589919468
HLA-A0101,CTDTYMLEL,0,CTDTYMLEL,CTDTHMLEL,0.2857304873150466
HLA-A0101,CTDTYMLELF,0,CTDTYMLEL,CTDTHMLEL,0.2857304873150466
HLA-A0101,CVDSPPPLF,0,CVDSPPPLF,CVDSPPPLS,0.21688749464260107
HLA-A0101,CVDSPPPLFF,0,CVDSPPPLF,CVDSPPPLS,0.21688749464260107
HLA-A2601,DLIEIFRFGY,0,DLIEIFRFGY,DLIEIFRLGY,0.33062459313847387
HLA-A2601,DMIFFSIDRY,0,MIFFSIDRY,MISFSIDRY,0.3722560093488802
HLA-A1101,DVFKVIAYLK,0,DVFKVIAYLK,DVSKVIAYLK,0.13262602303488386
HLA-A2601,EATNPYMVY,0,EATNPYMVY,GATNPYMVY,0.3152353744185751
HLA-A2601,EIKKDGVGF,0,EIKKDGVGF,EIKEDGVGF,0.4111074272267429
HLA-A2601,EINPSLHTPM,0,EINPSLHTPM,GINPSLHTPM,0.09317237083815069
HLA-A2601,EIPLIGLIPF,0,EIPLIGLIPF,EIPLIGLIPS,0.20405769840700733
HLA-A0101,ELDEETNLKF,0,ELDEETNLKF,ELDGETNLKF,0.13996537403393317
HLA-A2601,ELKHILYYAF,0,ELKHILYY,ELKHILYH,0.2555684721510808
HLA-A2601,ELPIFQQPFY,0,ELPIFQQPFY,EPPIFQQPFY,0.11110711299664185
HLA-A2601,ELSFHPSGNY,0,ELSFHPSGNY,GLSFHPSGNY,0.10078618076775284
HLA-A2601,ELVGYGQKF,0,ELVGYGQKF,EFVGYGQKF,0.3448573797916771
HLA-A2601,ELVGYGQKFF,0,ELVGYGQKF,EFVGYGQKF,0.3448573797916771
HLA-A0301,EMLFSHGLVK,1,MLFSHGLVK,MLFSRGLVK,0.3643685560056835
HLA-A0101,ESDKEELVGY,0,ESDKEELVGY,ESDKEEFVGY,0.23735905343852154
HLA-A0101,ESDQPDLSSF,0,ESDQPDLSSF,ESDQPDLSNF,0.09171928288118689
HLA-A2601,ESFFWLEEM,0,ESFFWLEEM,ESFSWLEEM,0.2385365973084915
HLA-A2601,ESVINQGPM,0,ESVINQGPM,GSVINQGPM,0.1201741892354288
HLA-A2601,ESVTSCEAY,0,ESVTSCEAY,EPVTSCEAY,0.17287969450652182
HLA-A2601,ETADTKVHF,0,ETADTKVHF,GTADTKVHF,0.39039302241728974
HLA-A2601,ETCTAGASSL,0,ETCTAGASSL,ETCTAGAGSL,0.07178061368757761
HLA-A2601,ETLSPTPSY,0,ETLSPTPSY,ETPSPTPSY,0.2943173523743077
HLA-A2601,ETWRETGIF,0,ETWRETGIF,ETWRETGIS,0.28547695977412635
HLA-A2601,ETWRETGIFF,0,ETWRETGIF,ETWRETGIS,0.28547695977412635
HLA-A2601,EVLVEYSFF,0,EVLVEYSFF,EVLVEYPFF,0.2747626986628326
HLA-A2601,EVSDGFTAV,0,EVSDGFTAV,EVPDGFTAV,0.2924868044886727
HLA-A2601,EVSDGFTAVM,0,EVSDGFTAVM,EVPDGFTAVM,0.22353220400710602
HLA-A2601,EVYFGPCSLY,0,EVYFGPCSLY,EVYFGPCSPY,0.284793701858215
HLA-A2601,FAHFHSGEM,0,FAHFHSGEM,FAHFHSGGM,0.1714593009021191
HLA-A0101,FGYEHWALY,0,FGYEHWALY,LGYEHWALY,0.25117724301388145
HLA-A2601,FGYEHWALY,0,FGYEHWALY,LGYEHWALY,0.2627122867390918
HLA-A0201,FLEIYTVTVV,0,FLEIYTVTV,FLGIYTVTV,0.517423895904287
HLA-A2601,FLFINTSSY,0,FLFINTSSY,SLFINTSSY,0.26413176010499856
HLA-A0201,FLLGKTSSV,0,FLLGKTSSV,FLQGKTSSV,0.3108994631988202
HLA-A0201,FLLGKTSSVV,0,FLLGKTSSV,FLQGKTSSV,0.3108994631988202
HLA-A0201,FLQKYTVKL,0,FLQKYTVKL,FLQEYTVKL,0.3929089279984657
HLA-A0101,FSDKKVGTY,0,FSDKKVGTY,LSDKKVGTY,0.4207602341316895
HLA-A0101,FSDKKVGTYV,0,FSDKKVGTY,LSDKKVGTY,0.4207602341316895
HLA-A0101,FSDYERAEW,0,FSDYERAEW,SSDYERAEW,0.20338118157022142
HLA-A0101,FSDYYDLSY,0,FSDYYDLSY,FSDYYDLGY,0.44512130700554187
HLA-A0201,FSFSLDFLV,0,FSFSLDFLV,FSFPLDFLV,0.1767842182659687
HLA-A1101,FSLRACYHMK,0,SLRACYHMK,SLRARYHMK,0.1928910837972909
HLA-A0101,FSQESPLDTF,0,FSQESPLDTF,FPQESPLDTF,0.0764209443288161
HLA-A0101,FSSYYEPWGY,0,SSYYEPWGY,PSYYEPWGY,0.13825141809242072
HLA-A0101,FTGTISVMY,0,FTGTISVMY,FTGTIPVMY,0.4245907511273484
HLA-A2601,FTGTISVMY,0,FTGTISVMY,FTGTIPVMY,0.3503915269580269
HLA-A0101,FTMVILYVVY,0,FTMVILYVVY,FTMVISYVVY,0.22624407313257106
HLA-A2601,FTMVILYVVY,0,MVILYVVY,MVISYVVY,0.34301662344552664
HLA-A0101,FTNFWGLLI,0,FTNFWGLLI,FTDFWGLLI,0.1858563304076919
HLA-A0101,FVASRTRPDY,0,FVASRTRPDY,SVASRTRPDY,0.07655295073303445
HLA-A0101,FVDENVDRM,0,FVDENVDRM,FVDENLDRM,0.25207633520626616
HLA-A0201,GLDGYREYSL,0,GLDGYREYSL,GLDGYRGYSL,0.13428090899617945
HLA-A0201,GLFGDIYLA,1,GLFGDIYLA,GSFGDIYLA,0.4922792702999509
HLA-A0201,GLFGDIYLAI,1,GLFGDIYLA,GSFGDIYLA,0.4922792702999509
HLA-A0201,GLNETIAKL,0,GLNETIAKL,GLDETIAKL,0.30977080835646553
HLA-A0201,GLPFMCHAEV,0,GLPFMCHAEV,GLPFMCHAGV,0.08516109677898505
HLA-A0101,GMDGAYLNGY,0,GMDGAYLNGY,GMDVAYLNGY,0.19505995035978502
HLA-A0101,GSYECHVGIY,0,GSYECHVGIY,GPYECHVGIY,0.13496979120957245
HLA-A0101,GTFFVLAYY,0,GTFFVLAYY,GTFSVLAYY,0.2770396875472626
HLA-A2601,GTFFVLAYY,0,GTFFVLAYY,GTFSVLAYY,0.3295867755518612
HLA-A0301,GVYPMPGTQK,1,GVYPMPGTQK,GVSPMPGTQK,0.28204061015844883
HLA-A1101,HINTVMEVK,0,HINTVMEVK,HKNTVMEVK,0.23954721563991205
HLA-A0101,HLEKLCHGLY,0,HLEKLCHGLY,HLGKLCHGLY,0.1705735679818646
HLA-A0201,HLFCVFYGL,0,HLFCVFYGL,RLFCVFYGL,0.26931640550970465
HLA-A0101,HLGVFSSYY,0,HLGVFSSYY,HLGVFPSYY,0.26650909014465424
HLA-A0201,HLMDGDLGLI,0,HLMDGDLGL,NLMDGDLGL,0.4781788967560595
HLA-A0101,HLSHQAHRY,0,HLSHQAHRY,HPSHQAHRY,0.18666868462638947
HLA-A2601,HMIVISIAY,0,HMIVISIAY,HMIVVSIAY,0.2998644291743031
HLA-A2601,HMSSYIASF,0,HMSSYIASF,HMSSYIASL,0.27259458778899676
HLA-A0101,HSEYSSFFY,0,HSEYSSFFY,HSEYSSFFH,0.24214610640192458
HLA-A1101,HTAKDSFECK,0,HTAKDSFECK,HTAKDPFECK,0.08915069638503151
HLA-A1101,HTIPQAYWTK,0,HTIPQAYWTK,HTIPQAHWTK,0.14396901348047422
HLA-A0101,ISANSPYISY,0,SANSPYISY,SANSPYIPY,0.14414808890337288
HLA-A0101,ISISSEQTFY,0,ISISSEQTFY,IPISSEQTFY,0.13224889898328027
HLA-A0101,ISVMYQGNTY,0,SVMYQGNTY,PVMYQGNTY,0.21687262281697275
HLA-A0101,ITDVDELPI,0,ITDVDELPI,ITDVDEPPI,0.21736839766180588
HLA-A0101,ITDVDELPIF,0,ITDVDELPIF,ITDVDEPPIF,0.1435114952942554
HLA-A1101,ITNQMSIDK,0,ITNQMSIDK,ITNQMSIDE,0.18678686235680003
HLA-A1101,ITSFIIERK,0,ITSFIIERK,ITGFIIERK,0.3149595395951141
HLA-A1101,ITSSAELLK,0,ITSSAELLK,ITSSAELFK,0.200358871027598
HLA-A0101,KAERSYYIFY,0,KAERSYYIFY,KAERSYHIFY,0.1063875166529373
HLA-A1101,KAIANRIKFK,0,AIANRIKFK,AIANRIKSK,0.28184491860632094
HLA-A1101,KANRNLARK,0,KANRNLARK,NANRNLARK,0.1304880508072836
HLA-A0201,KLLPTNTNI,0,KLLPTNTNI,KLLPTNTDI,0.30505809914654486
HLA-A0201,KLYFDEKYSI,0,KLYFDEKYSI,ELYFDEKYSI,0.13414047684686123
HLA-A1101,KMTVVILQK,0,KMTVVILQK,KMTVVVLQK,0.23480955768476694
HLA-A0101,KSGTFFVLAY,0,KSGTFFVLAY,KSGTFSVLAY,0.10071843819458492
HLA-A1101,KSSSIYSIVK,0,SSSIYSIVK,SSSIYSIVN,0.21802954705301011
HLA-A1101,KTLTSVFQK,1,KTLTSVFQK,ETLTSVFQK,0.342637959150734
HLA-A1101,KTLTSVFQKK,1,KTLTSVFQK,ETLTSVFQK,0.342637959150734
HLA-A0101,KTMCECMSFY,0,KTMCECMSFY,KTMCECMSSY,0.14033695709955565
HLA-A1101,KTMCECMSFY,0,KTMCECMSFY,KTMCECMSSY,0.13689592708462558
HLA-A0101,LGDIYNEKRY,0,LGDIYNEKRY,LGDIYNEKGY,0.12463596988147585
HLA-A0201,LLADQNFKFI,0,LLADQNFKFI,LLADQNLKFI,0.12235870211480881
HLA-A0101,LLDLMAYDRY,0,LLDLMAYDRY,LLGLMAYDRY,0.2852456906899906
HLA-A0201,LLGDPGWRV,0,LLGDPGWRV,LLGDPGRRV,0.33643085344758156
HLA-A0201,LLQAYRLISV,0,LQAYRLISV,LQAYRLISV,0.1888872439673542
HLA-A0201,LLQCTQQAV,1,LLQCTQQAV,LLQCTRQAV,0.15075800119001964
HLA-A0101,LMDDSLMQIF,0,LMDDSLMQIF,LMDDSLMQIS,0.15757018342719903
HLA-A0101,LSFFTVMAY,0,LSFFTVMAY,LSLFTVMAY,0.24949307006219038
HLA-A1101,LSYNSHYSR,0,LSYNSHYSR,LSYNSHYFR,0.1719997867439055
HLA-A0101,LTDTSLTAL,0,LTDTSLTAL,PTDTSLTAL,0.21866606930871219
HLA-A0101,LTDTSLTALS,0,LTDTSLTAL,PTDTSLTAL,0.21866606930871219
HLA-A0101,LTERANFQY,0,LTERANFQY,LTERADFQY,0.3199140443904099
HLA-A0101,LTSMAYDCY,0,LTSMAYDCY,LTSMAYDRY,0.27892191122349186
HLA-A1101,LVANFSQIK,0,LVANFSQIK,LVANFSQIE,0.21371392965573616
HLA-A0101,LVEQALRFY,0,LVEQALRFY,LVEQALRFH,0.24043809005727992
HLA-A1101,LVKFPEMFQK,0,LVKFPEMFQK,PVKFPEMFQK,0.13392510647937989
HLA-A0101,LVVLAPLLY,0,LVVLAPLLY,PVVLAPLLY,0.2815708471515791
HLA-A2601,MIFFSIDRY,0,MIFFSIDRY,MISFSIDRY,0.3722560093488802
HLA-A0201,MLAVFKLYPT,0,MLAVFKLYP,MLAVSKLYP,0.2670703341989232
HLA-A0201,MLFLRFCYI,0,MLFLRFCYI,MLFLRFRYI,0.31372657547482574
HLA-A0301,MLFSHGLVK,1,MLFSHGLVK,MLFSRGLVK,0.3643685560056835
HLA-A1101,MLNPLIYSFR,0,MLNPLIYSFR,MLNPLIYSLR,0.06852950227293417
HLA-A0201,MQANSHYARV,0,MQANSHYARV,MQANPHYARV,0.08989482683823755
HLA-A0201,MSFSHLFYL,0,MSFSHLFYL,MSSSHLFYL,0.2904216001151031
HLA-A1101,MSFYLREQGK,0,MSFYLREQGK,MSSYLREQGK,0.08199002201121951
HLA-A0101,MSHNTEMNNY,0,MSHNTEMNNY,MSHDTEMNNY,0.1452546254904486
HLA-A0101,MSSYIASFTY,0,SSYIASFTY,SSYIASLTY,0.22557930018239217
HLA-A1101,MTFLGGNLVK,0,MTFLGGNLVK,MTFLGGNPVK,0.186819442012754
HLA-A2601,MVILYVVYY,0,MVILYVVYY,MVISYVVYY,0.4959991318684664
HLA-A1101,MVSSNENCRK,0,VSSNENCRK,VPSNENCRK,0.12917004878544242
HLA-A0101,NSDLSPYLCH,0,NSDLSPYLCH,NSDLSPYPCH,0.07794445732351188
HLA-A0101,NSGGYPPLCY,0,NSGGYPPLCY,NSGGYPPSCY,0.11434391417813639
HLA-A2601,NTASSSLAF,0,NTASSSLAF,DTASSSLAF,0.18797762623078784
HLA-A0101,NTLEQTVPY,0,NTLEQTVPY,NTPEQTVPY,0.2584455113544835
HLA-A1101,QALRFYDYK,0,QALRFYDYK,QALRFHDYK,0.20086709923825047
HLA-A1101,QLFNCQALQK,0,QLFNCQALQK,QLFNCQALRK,0.1024311137460469
HLA-A0101,QSARLYIVAY,0,QSARLYIVAY,QSARLYTVAY,0.11295940666560514
HLA-A1101,QTACCACRK,0,QTACCACRK,QTARCACRK,0.10999652670711133
HLA-A0101,QTQSVVFLY,0,QTQSVVFLY,QTQSVVFSY,0.30797924700079443
HLA-A1101,RIHTSAKPYK,0,RIHTSAKPYK,RIHTSEKPYK,0.0667162502837452
HLA-A0201,RLAVCHFPCL,0,RLAVCHFPCL,HLAVCHFPCL,0.10364700088570693
HLA-A0201,RMLDKNPEV,0,RMLDKNPEV,RMLDKNPES,0.3480058301952386
HLA-A1101,RSNPYFVASR,0,RSNPYFVASR,RSNPYSVASR,0.07313470721762896
HLA-A1101,RTMMFFAEH,0,RTMMFFAEH,RTMMFLAEH,0.26421371255423043
HLA-A1101,RVRDFIQMK,0,RVRDFIQMK,RVGDFIQMK,0.395964942960737
HLA-A0101,SASIRNANLY,0,ASIRNANLY,ASIRDANLY,0.21105309172661543
HLA-A0101,SCDSLCGGY,0,SCDSLCGGY,SCDALCGGY,0.17695620910100446
HLA-A0101,SCSNFLLLAY,0,CSNFLLLAY,CSNFSLLAY,0.27767179989067475
HLA-A2601,SIPGIMGALY,0,SIPGIMGALY,SIPGTMGALY,0.21555591333906224
HLA-A0101,SISSEQTFY,0,SISSEQTFY,PISSEQTFY,0.20216213270680114
HLA-A1101,SIYSIVKIK,0,SIYSIVKIK,SIYSIVNIK,0.2086593430380541
HLA-A0201,SLDLPLNPL,0,SLDLPLNPL,SLDLPLDPL,0.2164459332049077
HLA-A1101,SLFGLSFVR,0,SLFGLSFVR,SPFGLSFVR,0.17782127292589517
HLA-A0201,SLFKGLHHKA,0,SLFKGLHHKA,SLSKGLHHKA,0.12864588870240104
HLA-A1101,SLGDHNFLRK,0,SLGDHNFLRK,SLGDHNFLRR,0.09497810508391477
HLA-A0201,SLLSLLYAL,0,SLLSLLYAL,SSLSLLYAL,0.2878010357763843
HLA-A0201,SLQDHCCRAV,0,SLQDHCCRA,SLQDLCCRA,0.1710442248669048
HLA-A1101,SLSPIEMKK,0,SLSPIEMKK,SPSPIEMKK,0.22472569202661127
HLA-A0201,SLSSVTLLL,0,SLSSVTLLL,SSSSVTLLL,0.3635870425165995
HLA-A0201,SLSTSLSSV,0,SLSTSLSSV,SLSTSSSSV,0.2250665205151175
HLA-A0101,SSDFTVLQEI,0,SSDFTVLQE,SSDFTILQE,0.12191930050433734
HLA-A0101,SSDSQEENY,0,SSDSQEENY,SSDSQEGNY,0.2898623052751911
HLA-A0101,SSEMAENEDY,0,SSEMAENEDY,SPEMAENEDY,0.13850716002280444
HLA-A0101,SSFLVPSLPY,0,SSFLVPSLPY,PSFLVPSLPY,0.0895888407826745
HLA-A1101,SSIYSIVKIK,0,SIYSIVKIK,SIYSIVNIK,0.2086593430380541
HLA-A1101,SSSIYSIVK,0,SSSIYSIVK,SSSIYSIVN,0.21802954705301011
HLA-A0101,SSYIASFTY,0,SSYIASFTY,SSYIASLTY,0.22557930018239217
HLA-A0101,SSYYEPWGY,0,SSYYEPWGY,PSYYEPWGY,0.13825141809242072
HLA-A0101,STEDCLILL,0,STEDCLILL,STEDCLIPL,0.21158762490292107
HLA-A0101,STEDCLILLF,0,STEDCLILLF,STEDCLIPLF,0.11779925791877835
HLA-A1101,STFFLAHGLK,0,STFFLAHGLK,STFSLAHGLK,0.14789526241116932
HLA-A1101,STGLKMAMEK,0,STGLKMAMEK,STGLKMAMER,0.10870225252621886
HLA-A3001,SVKSCKHTEK,1,SVKSCKHTEK,SVKSCKHKEK,0.1070816947978721
HLA-A2601,SVMYQGNTY,0,SVMYQGNTY,PVMYQGNTY,0.32037403291178906
HLA-A0201,SVVDVFFQL,0,SVVDVFFQL,SVVDVFSQL,0.30043511498136166
HLA-A2601,SVVNPIIYF,0,SVVNPIIYF,SVVNPIIYS,0.42826597442738823
HLA-A2601,SVVNPIIYFY,0,SVVNPIIYF,SVVNPIIYS,0.42826597442738823
HLA-A1101,TFFLAHGLK,0,TFFLAHGLK,TFSLAHGLK,0.17357434981055903
HLA-A1101,TITSSAELLK,0,ITSSAELLK,ITSSAELFK,0.200358871027598
HLA-A0201,TLLGDPGWRV,0,LLGDPGWRV,LLGDPGRRV,0.33643085344758156
HLA-A0101,TMCECMSFY,0,TMCECMSFY,TMCECMSSY,0.33060526133009155
HLA-A0101,TMMFFAEHDY,0,MMFFAEHDY,MMFLAEHDY,0.38626902343281044
HLA-A2601,TTATISGLV,0,TTATISGLV,TTATVSGLV,0.15361518774676122
HLA-A2601,TTTATISGL,0,TTTATISGL,TTTATVSGL,0.14188883891346243
HLA-A3101,VIAFGSAHLFR,1,AFGSAHLFR,AFGSAHLYR,0.19371469020619372
HLA-A0201,VIIGITIDSV,0,VIIGITIDSV,VIIGITIASV,0.15959268336714363
HLA-A0101,VINLLSCLPY,0,VINLLSCLPY,VIDLLSCLPY,0.06852531684586252
HLA-A0201,VLMMPFSIV,0,VLMMPFSIV,VLVMPFSIV,0.2712221478939796
HLA-A0101,VSDGFTAVM,0,VSDGFTAVM,VPDGFTAVM,0.22325599286581096
HLA-A0101,VSDMSLSLS,0,VSDMSLSLS,VSDMGLSLS,0.14642692293431275
HLA-A0101,VSDMSLSLSS,0,VSDMSLSLS,VSDMGLSLS,0.14642692293431275
HLA-A0101,VTLGIFFFFY,0,TLGIFFFFY,TLGIFSFFY,0.22904631828047414
HLA-A1101,VVGAAGVGK,1,VVGAAGVGK,VVGAGGVGK,0.27213266304870437
HLA-A1101,VVGADGVGK,1,VVGADGVGK,VVGAGGVGK,0.29603927871283314
HLA-A1101,VVGAVGVGK,1,VVGAVGVGK,VVGAGGVGK,0.33417226436512315
HLA-A0101,VVNPIIYFY,0,VVNPIIYFY,VVNPIIYSY,0.3830473633116825
HLA-A0201,VVPCEPPEV,1,VVPCEPPEV,VVPYEPPEV,0.24697295147655224
HLA-A0101,WADWGHRTY,0,WADWGHRTY,WADWGHRAY,0.35742468254309057
HLA-A0101,WLSFFTVMAY,0,LSFFTVMAY,LSLFTVMAY,0.24949307006219038
HLA-A0201,WMSDSGTRL,0,WMSDSGTRL,WMSDSGTGL,0.14322438283264952
HLA-A0101,WSCLGHLGY,0,WSCLGHLGY,RSCLGHLGY,0.2134699286676788
HLA-A2601,YLIGVIGNF,0,YLIGVIGNF,YLIGVIGNS,0.3607410823283373
HLA-A0201,YLTSLACVEI,0,YLTSLACVEI,YPTSLACVEI,0.08752908645208277
HLA-A2601,YMAELFSFI,0,YMAELFSFI,YMAELFPFI,0.26486076094487615
HLA-A0201,YMFSDCSTSL,0,YMFSDCSTSL,YMFSDRSTSL,0.10685608935126834
HLA-A0101,YSSALDLCY,0,YSSALDLCY,YSSALNLCY,0.279758395028185
HLA-A0101,YSSEENLIF,0,YSSEENLIF,YSSEGNLIF,0.19734408736662407
HLA-A0201,YTAPYPHPA,0,YTAPYPHPA,YTAPHPHPA,0.162628613498251
HLA-A0101,YTDFHCQYV,1,YTDFHCQY,YTDFPCQY,0.393889064179278
HLA-A0101,YTDFHCQYVK,1,YTDFHCQY,YTDFPCQY,0.393889064179278
HLA-A0101,YTFLIFSDY,0,YTFLIFSDY,YTFLISSDY,0.28740857003866027
HLA-A2601,YTFLIFSDY,0,YTFLIFSDY,YTFLISSDY,0.40186140422586314
HLA-A2601,YTIEEFMEL,0,YTIEEFMEL,YTMEEFMEL,0.4603698841968235
HLA-A0201,YTSEHAASV,0,YTSEHAASV,YTPEHAASV,0.15652715239593745
HLA-A0101,YVDVTYNFI,0,YVDVTYNF,YVDVTYDF,0.30348172445139576
HLA-A0101,YVDVTYNFII,0,YVDVTYNF,YVDVTYDF,0.30348172445139576
HLA-A2601,YVKLANLSY,0,YVKLANLSY,YVKLANLPY,0.26764021392100507
HLA-A2601,YVVTISSLL,0,YVVTISSLL,HVVTISSLL,0.2270464660903479
