n,Patient,Peptide,wild_type,Target,ELISPOT_Log_Max_Min,Promiscuity,HLA_allele,Allele_Frequency,Mismatches,Chr,Genomic_Position,Genomic_Position_vcf,Ref,Alt,Mutation_Consequence,Protein_position,Gene_Symbol,Gene_ID,Transcript_ID,Proteome_Peptide_Match,Expression_Level,Expression_score,Mut_Of,Mut_Gp,Mut_Gl,Mut_Ip,Mut_Il,Mut_Icore,Mut_Rnk_EL,Norm_Core,Norm_Of,Norm_Gp,Norm_Gl,Norm_Ip,Norm_Il,Norm_Icore,Norm_Rnk_EL,Mut_protein_sequence,Norm_protein_sequence,seq_id,HLA,Pos_mut,Peptide_mut,core_mut,icore_mut,EL_rank_mut,Pos_wt,Peptide_wt,core_wt,icore_wt,EL_rank_wt,mut_wt_sim,dissimilarity_score,mutation_type,mhc_anchor,mutation_position,len,anchor_mutation,core_mutation_position,binder,ratio_rank,mutation_score,blsm_mut_score,core_mutation_score,core_blsm_mut_score,agg_label,PRIME_score,Core,P1,Measure,nnalign_score,Gap_pos,Gap_lgt,Insert_pos,Insert_lgt,Core+gap,P1_Rel,fold,trueHLA_EL_rank,mean_pred
1,5,ATPSRVPGF,ATPSRVPGS,0,0.0,"{'HLA-C07:01', 'HLA-C07:02'}",HLA-C07:02,0.284,1,2,29003619-29003620,29003619,CC,TT,M,256,TOGARAM2,ENSG00000189350,ENST00000379558,No,0.198243748,0.289704580286615,0,0,0,0,0,ATPSRVPGF,0.8692,ATPSRVPGS,0,0,0,0,0,ATPSRVPGS,35.9875,SLGAIVIPPIPKARTVAATPSRVPGFLPSPLPPGQGVLTGLRAPRTRLARG,SLGAIVIPPIPKARTVAATPSRVPGSLPSPLPPGQGVLTGLRAPRTRLARG,seq_0,HLA-C0702,0,ATPSRVPGF,ATPSRVPGF,ATPSRVPGF,1.3626,0,ATPSRVPGS,ATPSRVPGS,ATPSRVPGS,26.4,0.969781,0.0302189999999999,substitution,"1,8",8,9,True,8,Improved,19.37472479084104,2,-2,2,-2,0,0.074535,SRVPGF,3,0.001,0.34816,0,0,0,0,SRVPGF,0.3,4,0.8692,0.09371889526649002
2,5,LRMDMLASF,LRMDMLAST,0,0.0,"{'HLA-B18:01', 'HLA-C07:01', 'HLA-C07:02'}",HLA-C07:02,0.385,1,19,55391569-55391570,55391569,AC,TT,M,114,RPL28,ENSG00000108107,ENST00000558815,No,503.78995,1.0,0,0,0,0,0,LRMDMLASF,0.0188,LRMDMLAST,0,0,0,0,0,LRMDMLAST,4.6861,TLSSIRHMIRKNKYRPDLRMDMLASFGSGLCCSVAVQPWASSSTSLCLRTL,TLSSIRHMIRKNKYRPDLRMDMLASTGSGLCCSVAVQPWASSSTSLCLRTL,seq_1,HLA-C0702,0,LRMDMLASF,LRMDMLASF,LRMDMLASF,0.0843,0,LRMDMLAST,LRMDMLAST,LRMDMLAST,5.8092,0.974278,0.025722,substitution,"1,8",8,9,True,8,Improved,68.91103202846975,0,-2,0,-2,0,0.134002,RMDMLA,1,0.001,0.36199,0,0,0,0,RMDMLA,0.5,4,0.0188,0.2224779545378174
3,5,YLFSREKMYL,YPFSREKMYL,0,0.0,{'HLA-A02:01'},HLA-A02:01,0.287,1,12,5832476-5832477,5832476,GG,AA,M,251251255,ANO2,ENSG00000047617,"ENST00000327087,ENST00000356134,ENST00000546188",No,0.03652423673296,0.13568229427768,0,4,1,0,0,YLFSREKMYL,0.1491,YPFSEKMYL,0,4,1,0,0,YPFSREKMYL,17.0926,LQKLSSHLQPRVPEHSNNKMKNLSYLFSREKMYLYNIQEKDTFFDNATRSR,LQKLSSHLQPRVPEHSNNKMKNLSYPFSREKMYLYNIQEKDTFFDNATRSR,seq_2,HLA-A0201,0,YLFSREKMYL,YLFSEKMYL,YLFSREKMYL,0.1231,0,YPFSREKMYL,YPFSEKMYL,YPFSREKMYL,15.8044,0.950637,0.049363,substitution,"1,3,8",1,10,True,1,Improved,128.38667749796912,4,-3,4,-3,0,0.067098,SREKMY,3,0.001,0.28112,0,0,0,0,SREKMY,0.4,2,0.1491,0.18102766658777716
4,5,KTGYTGVFR,KTGYTGVFG,1,0.43,{'HLA-A03:01'},HLA-A03:01,0.422,1,4,125468520,125468520,G,A,M,2233,FAT4,ENSG00000196159,ENST00000335110,No,0.709518500865377,0.669324555514037,0,0,0,0,0,KTGYTGVFR,0.5055,KTGYTGVFG,0,0,0,0,0,KTGYTGVFG,16.5815,KNGAICQNFPGSFNCVCKTGYTGVFRKHCELNSYGFEELSYMEFPSLDPNN,KNGAICQNFPGSFNCVCKTGYTGVFGKHCELNSYGFEELSYMEFPSLDPNN,seq_3,HLA-A0301,0,KTGYTGVFR,KTGYTGVFR,KTGYTGVFR,0.8182,0,KTGYTGVF,KT-GYTGVF,KTGYTGVF,30.5455,0.946136,0.053864,substitution,"0,1,8",8,9,True,"2,3,4,5,6,7,8",Improved,37.33255927646052,6,-2,3,-20,1,0.206573,GYTGVF,2,1.0,0.29708,0,0,0,0,GYTGVF,0.55,2,0.5055,0.24161460514267122
5,5,EHMGMVLLL,EHMGMVLLP,1,0.5,"{'HLA-C07:02', 'HLA-C07:01'}",HLA-C07:01,0.35,1,1,31792268,31792268,G,A,M,463970406970,SPOCD1,ENSG00000134668,"ENST00000257100,ENST00000360482,ENST00000452755,ENST00000533231",No,0.182573095126972,0.275284862453046,0,0,0,0,0,EHMGMVLLL,0.525,EHMGMVLLP,0,0,0,0,0,EHMGMVLLP,19.9636,LLYSYLNDRQRHGLASVEHMGMVLLLLPAFQPLPTRLRPLGGPGLWALPVS,LLYSYLNDRQRHGLASVEHMGMVLLPLPAFQPLPTRLRPLGGPGLWALPVS,seq_4,HLA-C0701,0,EHMGMVLLL,EHMGMVLLL,EHMGMVLLL,0.5868,0,EHMGMVLL,EHM-GMVLL,EHMGMVLL,10.0,0.965755,0.0342449999999999,substitution,"1,8",8,9,True,"3,4,5,6",Improved,17.041581458759374,4,-3,4,-7,1,0.137048,GMVLLL,3,1.0,0.25324,0,0,0,0,GMVLLL,0.35,3,0.525,0.42955063716445563
6,5,EEFRLLNL,EEFRLLNP,1,0.76,{'HLA-B18:01'},HLA-B18:01,0.344,1,2,10589651,10589651,G,A,M,458508482,NOL10,ENSG00000115761,"ENST00000345985,ENST00000381685,ENST00000538384",No,16.054630220948,0.999999999999982,0,0,0,3,1,EEFRLLNL,0.4945,EEFRLLNP-,0,0,0,8,1,EEFRLLNP,2.874,DRFKVMFENPDFQVDEESEEFRLLNLLVSKISEKRKKKLRLLEQQELREKE,DRFKVMFENPDFQVDEESEEFRLLNPLVSKISEKRKKKLRLLEQQELREKE,seq_5,HLA-B1801,0,EEFRLLNL,EEF-RLLNL,EEFRLLNL,0.1412,0,EEFRLLNP,EEFRLLNP-,EEFRLLNP,1.2525,0.952579,0.047421,substitution,"1,8",7,8,True,"3,4,6,7,8",Improved,8.870396600566572,4,-3,-2,-19,1,0.017855,EFRLLN,1,1.0,0.32866,0,0,0,0,EFRLLN,0.55,2,0.4945,0.282545394662307
7,5,ATPKLRAPPL,ATPKLRAPPP,1,0.81,{'HLA-B07:02'},HLA-B07:02,0.453,1,5,143216250,143216250,C,T,M,"145,88",ARHGAP26,ENSG00000145819,"ENST00000421521,ENST00000425417",No,0.86744749493472,0.74758046405221,0,1,1,0,0,ATPKLRAPPL,0.4477,APKLRAPPP,0,1,1,0,0,ATPKLRAPPP,10.921,TVFDNAECPSASTAIFTATPKLRAPPLLTWALPLAA,TVFDNAECPSASTAIFTATPKLRAPPPLTWALPLAA,seq_6,HLA-B0702,1,TPKLRAPPL,TPKLRAPPL,TPKLRAPPL,0.0238,1,TPKLRAPPP,TPKLRAPPP,TPKLRAPPP,1.0505,0.965707,0.034293,substitution,"1,8",9,10,True,8,Improved,44.13865546218487,4,-3,4,-3,1,0.012649,PKLRAP,2,1.0,0.26244,0,0,0,0,PKLRAP,0.25,1,0.4477,0.11712590268553184
8,5,HLRAPAEPMAK,HLRAPAEPMAE,0,0.0,{'HLA-A03:01'},HLA-A03:01,0.286,1,19,813406-813407,813406,CC,TT,M,468440,PLPPR3,ENSG00000129951,"ENST00000359894,ENST00000520876",No,0.385040972039285,0.450271661363102,0,5,2,0,0,HLRAPAEPMAK,0.2813,HLRAPPMAE,0,5,2,0,0,HLRAPAEPMAE,16.6739,SLEGRGLGLPDDASPGHLRAPAEPMAKEEEEEEDEEEEEEEEEEEDEGPAP,SLEGRGLGLPDDASPGHLRAPAEPMAEEEEEEEDEEEEEEEEEEEDEGPAP,seq_7,HLA-A0301,0,HLRAPAEPMAK,HLRAPPMAK,HLRAPAEPMAK,0.1598,0,HLRAPAEPM,HLRAPAEPM,HLRAPAEPM,7.5548,0.9449,0.0551,substitution,"0,1,8",10,11,True,"5,6,7,8",Improved,47.27659574468085,2,1,9,-5,0,0.030936,AEPMAK,5,0.001,0.22982,0,0,0,0,AEPMAK,0.5,4,0.2813,0.14535099386468645
9,5,FLYDPSFNEAT,FPYDPSFNEAT,0,0.0,{'HLA-A02:01'},HLA-A02:01,0.312,1,2,97688928,97688928,C,T,M,"54,55,89",C2orf92,ENSG00000228486,"ENST00000599435,ENST00000599501,ENST00000627399",No,1.06302411595174,0.822022977159909,0,7,2,0,0,FLYDPSFNEAT,0.4464,FPYDPSFNT,0,8,2,0,0,FPYDPSFNEAT,25.5942,SGSNEREEHLAKIFDEILLQVFPKFLYDPSFNEATAVRSITKTDMRKGTSI,SGSNEREEHLAKIFDEILLQVFPKFPYDPSFNEATAVRSITKTDMRKGTSI,seq_8,HLA-A0201,0,FLYDPSFNEA,FLYDPSFEA,FLYDPSFNEA,0.0628,0,FPYDPSFNEA,FYDPSFNEA,FPYDPSFNEA,9.7882,0.944447,0.0555529999999999,substitution,"1,3,8",1,11,True,"1,2,3,4,5,6",Improved,155.86305732484078,4,-3,8,-11,0,0.021918,YDPSFN,2,0.001,0.28216,0,0,0,0,YDPSFN,0.1,0,0.4464,0.11525747012896119
10,5,RAPAEPMAK,RAPAEPMAE,0,0.0,{'HLA-A03:01'},HLA-A03:01,0.286,1,19,813406-813407,813406,CC,TT,M,468440,PLPPR3,ENSG00000129951,"ENST00000359894,ENST00000520876",No,0.385040972039285,0.450271661363102,0,0,0,0,0,RAPAEPMAK,0.6402,RAPAEPMAE,0,0,0,0,0,RAPAEPMAE,14.8811,SLEGRGLGLPDDASPGHLRAPAEPMAKEEEEEEDEEEEEEEEEEEDEGPAP,SLEGRGLGLPDDASPGHLRAPAEPMAEEEEEEEDEEEEEEEEEEEDEGPAP,seq_9,HLA-A0301,0,RAPAEPMAK,RAPAEPMAK,RAPAEPMAK,0.7542,0,RAPAEPMAE,RAPAEPMAE,RAPAEPMAE,26.7895,0.984534,0.0154659999999999,substitution,"0,1,8",8,9,True,8,Improved,35.5204189870061,2,1,2,1,0,0.043798,AEPMAK,3,0.001,0.2205,0,0,0,0,AEPMAK,0.35,3,0.6402,0.13894395386025274
11,5,ATKGSLVDDK,ATKGSLVDDE,0,0.0,{'HLA-A03:01'},HLA-A03:01,0.328,1,6,38937991,38937991,G,A,M,"3861,3644,3861",DNAH8,ENSG00000124721,"ENST00000327475,ENST00000359357,ENST00000449981",No,0.037242129,0.136386901620721,0,7,1,0,0,ATKGSLVDDK,0.5414,ATKGSLVDE,0,7,1,0,0,ATKGSLVDDE,20.9451,KRKMKELEDNLLYKLSATKGSLVDDKSLIGVLRTTKQTAAEVSEKLHVAAE,KRKMKELEDNLLYKLSATKGSLVDDESLIGVLRTTKQTAAEVSEKLHVAAE,seq_10,HLA-A0301,0,ATKGSLVDDK,ATKGSLVDK,ATKGSLVDDK,0.5168,0,ATKGSLVDDE,ATKGSLVDE,ATKGSLVDDE,30.4545,0.988379,0.0116209999999999,substitution,"0,1,8",9,10,True,8,Improved,58.92898606811145,2,1,2,1,0,0.020504,SLVDDK,4,0.001,0.29267,0,0,0,0,SLVDDK,0.25,3,0.5414,0.14299353004476184
12,5,LLLPAFQPL,LPLPAFQPL,0,0.0,{'HLA-A02:01'},HLA-A02:01,0.35,1,1,31792268,31792268,G,A,M,463970406970,SPOCD1,ENSG00000134668,"ENST00000257100,ENST00000360482,ENST00000452755,ENST00000533231",No,0.182573095126972,0.275284862453046,0,0,0,0,0,LLLPAFQPL,0.5147,LPLPAFQPL,0,0,0,0,0,LPLPAFQPL,18.8924,LLYSYLNDRQRHGLASVEHMGMVLLLLPAFQPLPTRLRPLGGPGLWALPVS,LLYSYLNDRQRHGLASVEHMGMVLLPLPAFQPLPTRLRPLGGPGLWALPVS,seq_11,HLA-A0201,0,LLLPAFQPL,LLLPAFQPL,LLLPAFQPL,0.2865,0,LPLPAFQPL,LPLPAFQPL,LPLPAFQPL,17.8516,0.931431,0.0685689999999999,substitution,"1,3,8",1,9,True,1,Improved,62.30924956369984,4,-3,4,-3,0,0.054829,LLPAFQ,1,0.001,0.29171,0,0,0,0,LLPAFQ,0.8,2,0.5147,0.33145954585327114
13,5,ISKGDFPLEK,ISKGDFPLEE,0,0.0,{'HLA-A03:01'},HLA-A03:01,0.304,1,8,105419233,105419233,G,A,M,44,ZFPM2,ENSG00000169946,ENST00000407775,No,0.201865085,0.293018491850905,0,3,1,0,0,ISKGDFPLEK,0.5819,ISKGFPLEE,0,4,1,0,0,ISKGDFPLEE,18.3203,AIEDEEEECPSEETDIISKGDFPLEKSFSTEFGPENLSCEEVEYFCNKGDD,AIEDEEEECPSEETDIISKGDFPLEESFSTEFGPENLSCEEVEYFCNKGDD,seq_12,HLA-A0301,0,ISKGDFPLEK,ISKDFPLEK,ISKGDFPLEK,0.6961,0,ISKGDFPLE,ISKGDFPLE,ISKGDFPLE,19.5439,0.958709,0.0412909999999999,substitution,"0,1,8",9,10,True,"3,4,5,6,7,8",Improved,28.076282143370204,2,1,8,-13,0,0.042667,DFPLEK,4,0.001,0.25017,0,0,0,0,DFPLEK,0.4,1,0.5819,0.10232542204017983
14,5,RNTLNPMWNK,RNTLNPMWNE,0,0.0,{'HLA-A03:01'},HLA-A03:01,0.316,1,10,94306568,94306568,G,A,M,"1614,1922,1614",PLCE1,ENSG00000138193,"ENST00000371375,ENST00000371380,ENST00000371385",No,0.966865463984088,0.788277355727981,0,1,1,0,0,RNTLNPMWNK,0.1218,RTLNPMWNE,0,1,1,0,0,RNTLNPMWNE,6.6398,LGMPLDSCHFRTKPIHRNTLNPMWNKQFLFHVHFEDLVFLRFAVVENNSSA,LGMPLDSCHFRTKPIHRNTLNPMWNEQFLFHVHFEDLVFLRFAVVENNSSA,seq_13,HLA-A0301,0,RNTLNPMWNK,RTLNPMWNK,RNTLNPMWNK,0.1365,0,RNTLNPMWNE,RTLNPMWNE,RNTLNPMWNE,9.5435,0.985045,0.014955,substitution,"0,1,8",9,10,True,8,Improved,69.9157509157509,2,1,2,1,0,0.02201,NTLNPM,1,0.001,0.28067,0,0,0,0,NTLNPM,0.35,2,0.1218,0.11627729163811704
15,5,IRPSYRQDY,IGPSYRQDY,0,0.0,"{'HLA-C07:01', 'HLA-C07:02'}",HLA-C07:02,0.253,1,X,35953620,35953620,G,A,M,359359359,CFAP47,ENSG00000165164,"ENST00000297866,ENST00000378653,ENST00000493930",No,0.0619094673664,0.160509345641462,0,0,0,0,0,IRPSYRQDY,0.3384,IGPSYRQDY,0,0,0,0,0,IGPSYRQDY,5.0667,LQPYQKTVITFCFTPKLMAVGKKDIRPSYRQDYALFLRFESVGSKDGFLRD,LQPYQKTVITFCFTPKLMAVGKKDIGPSYRQDYALFLRFESVGSKDGFLRD,seq_14,HLA-C0702,0,IRPSYRQDY,IRPSYRQDY,IRPSYRQDY,0.0509,0,IGPSYRQDY,IGPSYRQDY,IGPSYRQDY,2.4198,0.934481,0.065519,substitution,"1,8",1,9,True,1,Improved,47.54027504911591,6,-2,6,-2,0,0.156319,SYRQDY,3,0.001,0.35292,0,0,0,0,SYRQDY,0.5,0,0.3384,0.19886267511327643
16,5,LEQPDAEQW,LGQPDAEQW,0,0.0,{'HLA-B18:01'},HLA-B18:01,0.359,1,6,32815166,32815166,C,T,M,"80,67,80",HLA,ENSG00000241106,"ENST00000438763,ENST00000447394,ENST00000648009",No,2.92699570169878,0.99531406560439,0,0,0,0,0,LEQPDAEQW,0.5858,LGQPDAEQW,0,0,0,0,0,LGQPDAEQW,11.3481,PTGFLHDSRHRLSSDVGMFVALTKLEQPDAEQWNSRLDLLERSRQAVDGVC,PTGFLHDSRHRLSSDVGMFVALTKLGQPDAEQWNSRLDLLERSRQAVDGVC,seq_15,HLA-B1801,0,LEQPDAEQW,LEQPDAEQW,LEQPDAEQW,0.5744,1,GQPDAEQW,GQ-PDAEQW,GQPDAEQW,7.0606,0.915875,0.084125,substitution,"1,8",1,9,True,"0,1,2",Improved,12.292130919220057,2,-2,-1,-8,0,0.047339,EQPDAE,1,0.001,0.24418,0,0,0,0,EQPDAE,0.25,2,0.5858,0.20238257793048514
17,5,NLNQIGHQK,NLNQIGHQE,0,0.0,{'HLA-A03:01'},HLA-A03:01,0.327,1,10,25599047,25599047,G,A,M,"1141,1062",GPR158,ENSG00000151025,"ENST00000376351,ENST00000650135",No,0.055401105,0.154162118812606,0,0,0,0,0,NLNQIGHQK,0.3811,NLNQIGHQE,0,0,0,0,0,NLNQIGHQE,11.8256,QSEELPPKAVASKTENENLNQIGHQKKKTSSSEENVRGSYNSSNNFQQPLT,QSEELPPKAVASKTENENLNQIGHQEKKTSSSEENVRGSYNSSNNFQQPLT,seq_16,HLA-A0301,0,NLNQIGHQK,NLNQIGHQK,NLNQIGHQK,0.4144,0,NLNQIGHQE,NLNQIGHQE,NLNQIGHQE,16.84,0.982444,0.017556,substitution,"0,1,8",8,9,True,8,Improved,40.63706563706564,2,1,2,1,0,0.036884,QIGHQK,3,0.001,0.29559,0,0,0,0,QIGHQK,0.4,0,0.3811,0.17448743945477171
18,5,MEGNGNGY,MEGNGNGH,0,0.0,{'HLA-B18:01'},HLA-B18:01,0.292,1,17,45061407-45061408,45061407,CC,TT,M,"26,26,25,26",NMT1,ENSG00000136448,"ENST00000258960,ENST00000543908,ENST00000585561,ENST00000592782",No,24.700271678,1.0,0,0,0,2,1,MEGNGNGY,0.4393,ME-GNGNGH,0,0,0,2,1,MEGNGNGH,6.3983,MADESETAVKPPAPPLPQMMEGNGNGYEHCSDCENEEDNSYNRGGLSPAND,MADESETAVKPPAPPLPQMMEGNGNGHEHCSDCENEEDNSYNRGGLSPAND,seq_17,HLA-B1801,0,MEGNGNGY,ME-GNGNGY,MEGNGNGY,0.5057,0,MEGNGNGH,MEG-NGNGH,MEGNGNGH,4.1293,0.968885,0.031115,substitution,"1,8",7,8,True,"2,3,8",Improved,8.165513150088984,2,2,-4,-10,0,0.015903,GNGNGY,2,0.001,0.21731,0,0,0,0,GNGNGY,0.35,0,0.4393,0.2169261518690689
19,5,GMVDPSLNF,GMVDPSLNP,1,0.3,"{'HLA-A02:01', 'HLA-C07:01', 'HLA-C07:02'}",HLA-C07:02,0.349,1,2,98625784-98625785,98625784,GG,AA,M,507507507379,MGAT4A,ENSG00000071073,"ENST00000264968,ENST00000393487,ENST00000409391,ENST00000414521",No,1.91310661800306,0.964941967674039,0,0,0,0,0,GMVDPSLNF,0.694,GMVDPSLNP,0,0,0,0,0,GMVDPSLNP,27.8075,LEDGYFRIGKFENGVAEGMVDPSLNFISAFRLSVIQNSAVWAILNEIHIKK,LEDGYFRIGKFENGVAEGMVDPSLNPISAFRLSVIQNSAVWAILNEIHIKK,seq_18,HLA-C0702,0,GMVDPSLNF,GMVDPSLNF,GMVDPSLNF,1.2226,0,GMVDPSLNP,GMVDPSLNP,GMVDPSLNP,47.0,0.957857,0.042143,substitution,"1,8",8,9,True,8,Improved,38.442663176836255,0,-4,0,-4,1,0.047911,VDPSLN,2,1.0,0.22719,0,0,0,0,VDPSLN,0.2,4,0.694,0.1766339042924725
20,5,EEVSYFNVQY,EEVSYFNVQS,1,0.69,{'HLA-B18:01'},HLA-B18:01,0.283,1,2,178739608-178739609,178739608,CT,TA,M,"4371,4304,4179,4542,4225,4225",TTN,ENSG00000155657,"ENST00000342175,ENST00000359218,ENST00000460472,ENST00000589042,ENST00000591111,ENST00000615779",No,0.768476850182967,0.70059943060627,0,4,1,0,0,EEVSYFNVQY,0.0571,EEVSYFNVS,0,8,1,0,0,EEVSYFNVQS,3.9544,EPITEPEVESKYLISTEEVSYFNVQYRVKYLDATPVTKGVASAVVSDEKQD,EPITEPEVESKYLISTEEVSYFNVQSRVKYLDATPVTKGVASAVVSDEKQD,seq_19,HLA-B1801,0,EEVSYFNVQY,EEVSFNVQY,EEVSYFNVQY,0.0594,0,EEVSYFNVQ,EEVSYFNVQ,EEVSYFNVQ,0.4841,0.962037,0.0379629999999999,substitution,"1,8",9,10,True,"4,5,6,7,8",Conserved,8.149831649831649,2,-2,2,-6,1,0.195588,SYFNVQ,3,1.0,0.30869,0,0,0,0,SYFNVQ,0.7,2,0.0571,0.2403517323752396
21,5,FISAFRLSV,PISAFRLSV,1,1.0,{'HLA-A02:01'},HLA-A02:01,0.349,1,2,98625784-98625785,98625784,GG,AA,M,507507507379,MGAT4A,ENSG00000071073,"ENST00000264968,ENST00000393487,ENST00000409391,ENST00000414521",No,1.91310661800306,0.964941967674039,0,0,0,0,0,FISAFRLSV,0.5114,PISAFRLSV,0,0,0,0,0,PISAFRLSV,8.4403,LEDGYFRIGKFENGVAEGMVDPSLNFISAFRLSVIQNSAVWAILNEIHIKK,LEDGYFRIGKFENGVAEGMVDPSLNPISAFRLSVIQNSAVWAILNEIHIKK,seq_20,HLA-A0201,0,FISAFRLSV,FISAFRLSV,FISAFRLSV,0.4909,0,PISAFRLSV,PISAFRLSV,PISAFRLSV,9.8426,0.961726,0.038274,substitution,"1,3,8",0,9,False,0,Improved,20.05011203911184,0,-4,0,-4,1,0.15903,SAFRLS,2,1.0,0.28538,0,0,0,0,SAFRLS,0.45,0,0.5114,0.1814206058394528
22,6,LPFLEEIL,LPFLEEIS,0,0.0,{'HLA-B51:01'},HLA-B51:01,0.234,1,4,86888189,86888189,G,A,M,"51,51,51,51",C4orf36,ENSG00000163633,"ENST00000295898,ENST00000473559,ENST00000504008,ENST00000506308",No,1.33854967090067,1.0,0,0,0,5,1,LPFLEEIL,0.25,LPFLEEIS-,0,0,0,8,1,LPFLEEIS,7.3378,WDIALLAKTWSTNLANIKLPFLEEILFGGSVQLTKCTTIKDGLLPSAESIK,WDIALLAKTWSTNLANIKLPFLEEISFGGSVQLTKCTTIKDGLLPSAESIK,seq_21,HLA-B5101,0,LPFLEEIL,LPF-LEEIL,LPFLEEIL,0.3253,0,LPFLEEIS,LPFLEEIS-,LPFLEEIS,7.9863,0.965566,0.0344339999999999,substitution,"1,8",7,8,True,"3,4,6,7,8",Improved,24.550568705810026,2,-2,-4,-20,0,0.050302,PFLEEI,1,0.001,0.28835,0,0,0,0,PFLEEI,0.45,3,0.25,0.33610844793165723
23,6,TATYDLVSSI,TATYDLVSST,0,0.0,"{'HLA-C15:02', 'HLA-B51:01'}",HLA-B51:01,0.086,1,16,661660,661660,C,T,M,"1246,1246",WDR90,ENSG00000161996,"ENST00000293879,ENST00000549091",No,4.80574949921999,0.92877344622425,0,2,1,0,0,TATYDLVSSI,0.2949,TAYDLVSST,0,2,1,0,0,TATYDLVSST,12.6346,LVTLGDHDGRTLALWGTATYDLVSSIRLPEPVHGVAFNPWDAGELTCVGQG,LVTLGDHDGRTLALWGTATYDLVSSTRLPEPVHGVAFNPWDAGELTCVGQG,seq_22,HLA-B5101,0,TATYDLVSSI,TAYDLVSSI,TATYDLVSSI,0.5975,0,TATYDLVSST,TAYDLVSST,TATYDLVSST,11.8147,0.987232,0.012768,substitution,"1,8",9,10,True,8,Improved,19.77355648535565,3,-1,3,-1,0,0.019475,TYDLVS,2,0.001,0.30757,0,0,0,0,TYDLVS,0.65,1,0.2949,0.14602293183054088
24,6,GLVELVQLK,GRVELVQLK,0,0.0,{'HLA-A11:01'},HLA-A11:01,0.322,1,10,52251656,52251656,G,T,M,388373161,PRKG1,ENSG00000185532,"ENST00000373980,ENST00000373985,ENST00000401604",No,0.2789839016,0.564501913057138,0,0,0,0,0,GLVELVQLK,0.3944,GRVELVQLK,0,0,0,0,0,GRVELVQLK,7.0862,EAAFFANLKLSDFNIIDTLGVGGFGLVELVQLKSEESKTFAMKILKKRHIV,EAAFFANLKLSDFNIIDTLGVGGFGRVELVQLKSEESKTFAMKILKKRHIV,seq_23,HLA-A1101,0,GLVELVQLK,GLVELVQLK,GLVELVQLK,0.4274,1,RVELVQLK,RV-ELVQLK,RVELVQLK,1.5605,0.93345,0.06655,substitution,"0,1,8",1,9,True,"0,1,2",Improved,3.651146467009827,4,-2,9,-7,0,0.087699,ELVQLK,3,0.001,0.36027,0,0,0,0,ELVQLK,0.25,2,0.3944,0.2500519496050176
25,6,IRPYSEMVI,IRPYSEMVT,0,0.0,{'HLA-C06:02'},HLA-C06:02,0.316,1,4,84751712,84751712,G,A,M,1915,WDFY3,ENSG00000163625,ENST00000295888,No,1.50869933284,0.744620361315141,0,0,0,0,0,IRPYSEMVI,0.3956,IRPYSEMVT,0,0,0,0,0,IRPYSEMVT,10.1249,MSPDFLCALAATVFPFNIRPYSEMVIDLDDEVGSPAEEFKAFAADTGMNRS,MSPDFLCALAATVFPFNIRPYSEMVTDLDDEVGSPAEEFKAFAADTGMNRS,seq_24,HLA-C0602,0,IRPYSEMVI,IRPYSEMVI,IRPYSEMVI,0.2283,0,IRPYSEMV,IRP-YSEMV,IRPYSEMV,2.2622,0.951527,0.0484729999999999,substitution,"1,8",8,9,True,"3,4,5,6,7,8",Improved,9.908891809023215,3,-1,3,-6,0,0.141852,PYSEMV,2,0.001,0.30996,0,0,0,0,PYSEMV,0.25,4,0.3956,0.24103819164492765
26,6,SRTSFRVANL,SKTSFRVANL,0,0.0,{'HLA-C06:02'},HLA-C06:02,0.031,1,2,178580058,178580058,T,C,M,"13537,13470,20769",AC010680,ENSG00000283186,"ENST00000342175,ENST00000359218,ENST00000615779",No,0,1.0,0,5,1,0,0,SRTSFRVANL,0.7218,SKTSRVANL,0,4,1,0,0,SKTSFRVANL,11.6362,PIINYVVQKRDAERKSWSTVTTECSRTSFRVANLEEGKSYFFRVFAENEYG,PIINYVVQKRDAERKSWSTVTTECSKTSFRVANLEEGKSYFFRVFAENEYG,seq_25,HLA-C0602,0,SRTSFRVANL,SRTSFRVAL,SRTSFRVANL,1.2394,1,KTSFRVANL,KTSFRVANL,KTSFRVANL,1.5843,0.959776,0.040224,substitution,"1,8",1,10,True,"0,1,2,3,4,5,6,7",Conserved,1.2782798128126514,2,2,14,-10,0,0.023985,SFRVAN,3,0.001,0.31822,0,0,0,0,SFRVAN,0.4,4,0.7218,0.11956883166427532
27,6,LADNHKTSK,LPDNHKTSK,0,0.0,{'HLA-A11:01'},HLA-A11:01,0.1,1,11,17091408,17091408,G,C,M,1602,PIK3C2A,ENSG00000011405,ENST00000265970,No,0.750740172,0.388368565486143,0,0,0,0,0,LADNHKTSK,1.3915,LPDNHKTSK,0,0,0,0,0,LPDNHKTSK,9.2574,MVMHIKDLVTEDGADPNPYVKTYLLADNHKTSKRKTKISRKTRNPTFNEML,MVMHIKDLVTEDGADPNPYVKTYLLPDNHKTSKRKTKISRKTRNPTFNEML,seq_26,HLA-A1101,0,LADNHKTSK,LADNHKTSK,LADNHKTSK,1.3015,0,LPDNHKTSK,LPDNHKTSK,LPDNHKTSK,6.926,0.948567,0.0514329999999999,substitution,"0,1,8",1,9,True,1,Improved,5.321552055320783,4,-1,4,-1,0,0.079195,NHKTSK,3,0.001,0.25301,0,0,0,0,NHKTSK,0.5,4,1.3915,0.18190424815495285
28,6,NISEDVIFF,NISEDVIFS,1,0.32,{'HLA-A25:01'},HLA-A25:01,0.25,1,12,30669257,30669257,G,A,M,357152,IPO8,ENSG00000133704,"ENST00000256079,ENST00000544829",No,4.06593764,0.999999937277144,0,0,0,0,0,NISEDVIFF,0.2223,NISEDVIFS,0,0,0,0,0,NISEDVIFS,21.5094,QGVVHSITWKQMKPHIQNISEDVIFFVMCYKDEDEELWQEDPYEYIRMKFD,QGVVHSITWKQMKPHIQNISEDVIFSVMCYKDEDEELWQEDPYEYIRMKFD,seq_27,HLA-A2501,0,NISEDVIFF,NISEDVIFF,NISEDVIFF,0.2942,0,NISEDVIF,NISEDVI-F,NISEDVIF,8.4263,0.952505,0.0474949999999999,substitution,"0,1,8",8,9,True,7,Improved,28.64140040788579,2,-2,-3,-6,1,0.150338,EDVIFF,3,1.0,0.22537,0,0,0,0,EDVIFF,0.15,4,0.2223,0.23452926542053593
29,6,DHYAYSYYL,DHYAYSYYP,1,0.36,"{'HLA-B51:01', 'HLA-C06:02'}",HLA-C06:02,0.417,1,1,29289712,29289712,C,T,M,783,PTPRU,ENSG00000060656,ENST00000345512,No,0.370563502128,1.0,0,0,0,0,0,DHYAYSYYL,0.7655,DHYAYSYYP,0,0,0,0,0,DHYAYSYYP,25.5707,VLILLLGAIIVIIRKGRDHYAYSYYLKPVNMTKATVNYRQEKTHMMSAVDR,VLILLLGAIIVIIRKGRDHYAYSYYPKPVNMTKATVNYRQEKTHMMSAVDR,seq_28,HLA-C0602,0,DHYAYSYYL,DHYAYSYYL,DHYAYSYYL,1.063,0,DHYAYSYY,DHY-AYSYY,DHYAYSYY,4.646,0.95849,0.04151,substitution,"1,8",8,9,True,"3,4,5,6,8",Improved,4.370649106302916,4,-3,1,-13,1,0.113866,HYAYSY,1,1.0,0.28791,0,0,0,0,HYAYSY,0.75,4,0.7655,0.18038442475719807
30,6,KTSPPGRSFCP,KTSPPGRSSCP,0,0.0,{'HLA-B57:01'},HLA-B57:01,0.269,1,20,45419377,45419377,C,T,M,179133133133,PIGT,ENSG00000124155,"ENST00000638445,ENST00000638671,ENST00000638745,ENST00000639984",No,54.805010498554,1.0,0,0,0,0,0,KTSPPGRSF,1.1474,KTSPPGRSP,0,8,2,0,0,KTSPPGRSSCP,7.4511,TTTFCAMLCCRGRWSAPKTSPPGRSFCPVVPRPLCAAEGRSLVPHQLPLPG,TTTFCAMLCCRGRWSAPKTSPPGRSSCPVVPRPLCAAEGRSLVPHQLPLPG,seq_29,HLA-B5701,0,KTSPPGRSF,KTSPPGRSF,KTSPPGRSF,0.0222,0,KTSPPGRSSC,KTSPPGRSC,KTSPPGRSSC,3.4639,0.938672,0.061328,substitution,"1,8",8,11,True,8,Improved,156.03153153153153,2,-2,2,-2,0,0.006571,GRSFCP,5,0.001,0.32869,0,0,0,0,GRSFCP,0.35,2,1.1474,0.08160137632750555
31,6,EADLRVQSL,EATLRTQSL,0,0.0,"{'HLA-C15:02', 'HLA-C06:02'}",HLA-C06:02,0.25,2,9,129123081-129123082,129123081,T,TA,F,"53,59,53,53,53,76,18,18,53,18,18,53",PTPA,ENSG00000119383,"ENST00000337738,ENST00000348141,ENST00000355007,ENST00000358994,ENST00000393370,ENST00000417504,ENST00000417728,ENST00000440346,ENST00000445241,ENST00000452489,ENST00000453358,ENST00000455292",No,74.5085109492316,0.99997251239308,0,0,0,0,0,EADLRVQSL,1.5969,EATLRTQSL,0,0,0,0,0,EATLRTQSL,2.4388,EIHTVPDMGKWKRSQAYADYIGFILNPQRRCEGEEADLRVQSLRGH*,,seq_30,HLA-C0602,0,EADLRVQSL,EADLRVQSL,EADLRVQSL,1.872,0,EATLRTQSL,EATLRTQSL,EATLRTQSL,1.8023,0.888321,0.1116789999999999,substitution,"1,8","2,5",9,False,"2,5",Conserved,0.962767094017094,0,-1,0,-1,0,0.119144,ADLRVQ,1,0.001,0.33963,0,0,0,0,ADLRVQ,0.4,1,1.5969,0.24065805624701686
32,6,DPPLLFDIL,DPPLLFDIS,0,0.0,{'HLA-B51:01'},HLA-B51:01,0.35,1,X,3033153,3033153,C,T,M,486,ARSH,ENSG00000205667,ENST00000381130,No,0.0184397652,1.0,0,0,0,0,0,DPPLLFDIL,0.3961,DPPLLFDIS,0,0,0,0,0,DPPLLFDIS,9.7147,ACYGSGICSCSGDVTYHDPPLLFDILRDPSEALPLNPDNEPLFDSVIKKME,ACYGSGICSCSGDVTYHDPPLLFDISRDPSEALPLNPDNEPLFDSVIKKME,seq_31,HLA-B5101,0,DPPLLFDI,DP-PLLFDI,DPPLLFDI,0.5175,0,DPPLLFDI,DP-PLLFDI,DPPLLFDI,0.5175,1.0,0.0,substitution,"1,8",8,9,True,-1,Conserved,1.0,2,-2,0,4,0,0.113575,PPLLFD,1,0.001,0.39068,0,0,0,0,PPLLFD,0.4,1,0.3961,0.32019113354347917
33,6,AAYGYWFKGW,AAYGYWFKGR,0,0.0,{'HLA-B57:01'},HLA-B57:01,0.078,1,19,49960783,49960783,G,A,M,"77,77",SIGLEC11,ENSG00000161640,"ENST00000426971,ENST00000447370",No,0.06278963956,0.338584329423371,0,8,1,0,0,AAYGYWFKGW,0.4358,AAYGYWFKR,0,8,1,0,0,AAYGYWFKGR,17.424,VSCNLSYPRDGWDESTAAYGYWFKGWTSPKTGAPVATNNQSREVEMSTRDR,VSCNLSYPRDGWDESTAAYGYWFKGRTSPKTGAPVATNNQSREVEMSTRDR,seq_32,HLA-B5701,0,AAYGYWFKGW,AAYGYWFKW,AAYGYWFKGW,0.3664,0,AAYGYWFKG,AAYGYWFKG,AAYGYWFKG,12.3294,0.948985,0.051015,substitution,"1,8",9,10,True,8,Improved,33.65010917030568,2,-3,1,-2,0,0.144447,AYGYWF,1,0.001,0.27025,0,0,0,0,AYGYWF,0.45,3,0.4358,0.19951173354066584
34,6,QTFPRESCK,QNFPRESCK,0,0.0,{'HLA-A11:01'},HLA-A11:01,0.108,1,2,216414871,216414871,A,C,M,"56,56,56,56,56",SMARCAL1,ENSG00000138375,"ENST00000357276,ENST00000358207,ENST00000430374,ENST00000434435,ENST00000444508",No,6.5225051864,0.999999971912065,0,0,0,0,0,QTFPRESCK,0.4471,QNFPRESCK,0,0,0,0,0,QNFPRESCK,5.0827,EQHQRTSSGTSIAGNPFQAKQGPSQTFPRESCKPVSHGVIFKQQNLSSSSN,EQHQRTSSGTSIAGNPFQAKQGPSQNFPRESCKPVSHGVIFKQQNLSSSSN,seq_33,HLA-A1101,0,QTFPRESCK,QTFPRESCK,QTFPRESCK,0.1587,0,QNFPRESCK,QNFPRESCK,QNFPRESCK,3.878,0.952145,0.0478549999999999,substitution,"0,1,8",1,9,True,1,Improved,24.436042848141145,2,0,2,0,0,0.03468,TFPRES,1,0.001,0.2912,0,0,0,0,TFPRES,0.8,0,0.4471,0.13948205768809283
35,6,GGEVDSQALW,GGEVDSQALQ,0,0.0,{'HLA-B57:01'},HLA-B57:01,0.133,1,19,42289076-42289082,42289075,ACAGGAAC,A,F,"374,1283,374",CIC,ENSG00000079432,"ENST00000160740,ENST00000572681,ENST00000575354",No,5.30107647690922,0.997294150353249,0,2,1,0,0,GGEVDSQALW,0.6244,GGVDSQALQ,0,2,1,0,0,GGEVDSQALQ,39.0286,SARPRAFSHSGVHSLDGGEVDSQALW*,SARPRAFSHSGVHSLDGGEVDSQALQELTQMVSGPASYSGPKPSTQYGAPG,seq_34,HLA-B5701,0,GGEVDSQALW,GGVDSQALW,GGEVDSQALW,0.8989,0,GGEVDSQAL,GGEVDSQAL,GGEVDSQAL,47.6923,0.959428,0.040572,substitution,"1,8",9,10,True,"2,3,4,5,6,7,8",Improved,53.05629102236067,0,-2,5,-9,0,0.023943,GEVDSQ,1,0.001,0.27887,0,0,0,0,GEVDSQ,0.45,3,0.6244,0.13147964451595007
36,6,RMTATGSGK,RMTATGSGE,0,0.0,{'HLA-A11:01'},HLA-A11:01,0.25,1,7,100091140,100091140,G,A,M,"213,212,92",COPS6,ENSG00000168090,"ENST00000303904,ENST00000418625,ENST00000426712",No,132.869349966175,1.0,0,0,0,0,0,RMTATGSGK,0.7453,RMTATGSGE,0,0,0,0,0,RMTATGSGE,15.4249,YTLATEEAERIGVDHVARMTATGSGKNSTVAEHLIAQHSAIKMLHSRVKLI,YTLATEEAERIGVDHVARMTATGSGENSTVAEHLIAQHSAIKMLHSRVKLI,seq_35,HLA-A1101,0,RMTATGSGK,RMTATGSGK,RMTATGSGK,1.2724,0,RMTATGSGE,RMTATGSGE,RMTATGSGE,33.5,0.986036,0.0139639999999999,substitution,"0,1,8",8,9,True,8,Improved,26.328198679660485,2,1,2,1,0,0.09273,ATGSGK,3,0.001,0.21552,0,0,0,0,ATGSGK,0.3,1,0.7453,0.12260082330379471
37,6,EDDVKDISFLF,EDDVKDISFLL,0,0.0,{'HLA-A25:01'},HLA-A25:01,0.192,1,19,48832737,48832737,G,A,M,76,HSD17B14,ENSG00000087076,ENST00000599157,No,18.7290074606111,1.0,0,1,2,0,0,EDDVKDISFLF,1.4223,EVKDISFLL,0,1,2,0,0,EDDVKDISFLL,6.7283,QELPGAVFILCDVTQEDDVKDISFLFRPWFLRPSADLAAWIVLSTTLATLA,QELPGAVFILCDVTQEDDVKDISFLLRPWFLRPSADLAAWIVLSTTLATLA,seq_36,HLA-A2501,2,DVKDISFLF,DVKDISFLF,DVKDISFLF,0.0086,2,DVKDISFLL,DVKDISFLL,DVKDISFLL,0.0875,0.982181,0.017819,substitution,"0,1,8",10,11,True,8,Conserved,10.174418604651162,6,0,6,0,0,0.012792,DISFLF,5,0.001,0.41874,0,0,0,0,DISFLF,0.5,0,1.4223,0.19573716688178006
38,6,WIFPYFFEF,WIFPYFFES,0,0.0,{'HLA-A25:01'},HLA-A25:01,0.209,1,4,25351643,25351643,C,T,M,322187,ZCCHC4,ENSG00000168228,"ENST00000302874,ENST00000505412",No,1.86241805711027,0.980680846861114,0,0,0,0,0,WIFPYFFEF,0.9854,WIFPYFFES,0,0,0,0,0,WIFPYFFES,30.8235,WKEGQSQDDSHKELPIFWIFPYFFEFRICQFFPSFQMLDYQVDYDNHALYK,WKEGQSQDDSHKELPIFWIFPYFFESRICQFFPSFQMLDYQVDYDNHALYK,seq_37,HLA-A2501,0,WIFPYFFEF,WIFPYFFEF,WIFPYFFEF,1.0449,0,WIFPYFFES,WIFPYFFES,WIFPYFFES,33.25,0.972411,0.0275889999999999,substitution,"0,1,8",8,9,True,8,Improved,31.82122691166619,2,-2,2,-2,0,0.268581,IFPYFF,1,0.001,0.28336,0,0,0,0,IFPYFF,0.3,4,0.9854,0.41325907794854766
39,6,YLKPKGPQSL,YLKPKGPQSP,0,0.0,{'HLA-C06:02'},HLA-C06:02,0.041,1,19,15794854,15794854,C,T,M,269,OR10H5,ENSG00000172519,ENST00000308940,No,0,1.0,0,5,1,0,0,YLKPKGPQSL,1.0683,YLKPKPQSP,0,5,1,0,0,YLKPKGPQSP,33.859,SHLTVVVVHYGFASVIYLKPKGPQSLEGDTLMGITYTVLTPFLSPIIFSLR,SHLTVVVVHYGFASVIYLKPKGPQSPEGDTLMGITYTVLTPFLSPIIFSLR,seq_38,HLA-C0602,1,LKPKGPQSL,LKPKGPQSL,LKPKGPQSL,0.4029,0,YLKPKGPQS,YLKPKGPQS,YLKPKGPQS,6.2252,0.911653,0.0883469999999999,substitution,"1,8",9,10,True,"0,1,2,3,4,5,6,7,8",Improved,15.450980392156865,4,-3,4,-12,0,0.022081,LKPKGP,1,0.001,0.25307,0,0,0,0,LKPKGP,0.4,2,1.0683,0.07708301169381379
40,6,KQRPPRLERM,KQRPPRLERT,0,0.0,{'HLA-C06:02'},HLA-C06:02,0.364,1,17,7229446,7229446,G,A,M,250184244246,DVL2,ENSG00000004975,"ENST00000005340,ENST00000574143,ENST00000575458,ENST00000575756",No,2.829022144916,0.99960605861278,0,1,1,0,0,KQRPPRLERM,1.2456,KRPPRLERT,0,1,1,0,0,KQRPPRLERT,26.8385,EQSSASRLLKRHRRRRKQRPPRLERMSSFSSVTDSTMSLNIITVTLNMEKY,EQSSASRLLKRHRRRRKQRPPRLERTSSFSSVTDSTMSLNIITVTLNMEKY,seq_39,HLA-C0602,1,QRPPRLERM,QRPPRLERM,QRPPRLERM,0.0429,1,QRPPRLERT,QRPPRLERT,QRPPRLERT,2.2945,0.977997,0.0220029999999999,substitution,"1,8",9,10,True,8,Improved,53.48484848484849,1,-1,1,-1,0,0.01569,RPPRLE,2,0.001,0.25332,0,0,0,0,RPPRLE,0.3,2,1.2456,0.16593164629635943
41,6,YRNWYTDEPF,YRNWYTDEPS,0,0.0,{'HLA-C06:02'},HLA-C06:02,0.323,1,21,18256993,18256993,C,T,M,"138,97,97,97,97,97,119",CHODL,ENSG00000154645,"ENST00000299295,ENST00000338326,ENST00000400127,ENST00000400128,ENST00000400131,ENST00000400135,ENST00000543733",No,0.190344476,0.368704983092764,0,8,1,0,0,YRNWYTDEPF,0.7752,YRNWYTDES,0,8,1,0,0,YRNWYTDEPS,36.7857,GACPDLYQWSDGSNSQYRNWYTDEPFCGSEKCVVMYHQPTANPGLGGPYLY,GACPDLYQWSDGSNSQYRNWYTDEPSCGSEKCVVMYHQPTANPGLGGPYLY,seq_40,HLA-C0602,0,YRNWYTDEPF,YRNWYTDEF,YRNWYTDEPF,2.2357,0,YRNWYTDEP,YRNWYTDEP,YRNWYTDEP,9.2996,0.954331,0.0456689999999999,substitution,"1,8",9,10,True,8,Conserved,4.159592074070761,2,-2,0,-4,0,0.110916,NWYTDE,2,0.001,0.29426,0,0,0,0,NWYTDE,0.65,1,0.7752,0.18946718772524068
42,6,DTLGVGGFGL,DTLGVGGFGR,0,0.0,{'HLA-A25:01'},HLA-A25:01,0.322,1,10,52251656,52251656,G,T,M,388373161,PRKG1,ENSG00000185532,"ENST00000373980,ENST00000373985,ENST00000401604",No,0.2789839016,0.564501913057138,0,7,1,0,0,DTLGVGGFGL,0.9322,DTLGVGFGR,0,5,1,0,0,DTLGVGGFGR,8.3557,EAAFFANLKLSDFNIIDTLGVGGFGLVELVQLKSEESKTFAMKILKKRHIV,EAAFFANLKLSDFNIIDTLGVGGFGRVELVQLKSEESKTFAMKILKKRHIV,seq_41,HLA-A2501,0,DTLGVGGFGL,DTLGGGFGL,DTLGVGGFGL,1.8395,0,DTLGVGGF,DTL-GVGGF,DTLGVGGF,2.0185,0.931368,0.068632,substitution,"0,1,8",9,10,True,"3,5,6,8",Conserved,1.0973090513726556,4,-2,7,-12,0,0.086125,GVGGFG,3,0.001,0.27009,0,0,0,0,GVGGFG,0.4,4,0.9322,0.2518561230420091
43,6,APKTSPPGRSF,APKTSPPGRSS,0,0.0,{'HLA-B57:01'},HLA-B57:01,0.269,1,20,45419377,45419377,C,T,M,179133133133,PIGT,ENSG00000124155,"ENST00000638445,ENST00000638671,ENST00000638745,ENST00000639984",No,54.805010498554,1.0,0,1,2,0,0,APKTSPPGRSF,0.4298,ATSPPGRSS,0,1,2,0,0,APKTSPPGRSS,17.2339,TTTFCAMLCCRGRWSAPKTSPPGRSFCPVVPRPLCAAEGRSLVPHQLPLPG,TTTFCAMLCCRGRWSAPKTSPPGRSSCPVVPRPLCAAEGRSLVPHQLPLPG,seq_42,HLA-B5701,2,KTSPPGRSF,KTSPPGRSF,KTSPPGRSF,0.0222,2,KTSPPGRSS,KTSPPGRSS,KTSPPGRSS,4.7123,0.972404,0.0275959999999999,substitution,"1,8",10,11,True,8,Improved,212.26576576576576,2,-2,2,-2,0,0.039437,SPPGRS,4,0.001,0.29376,0,0,0,0,SPPGRS,0.45,2,0.4298,0.07347657836675861
44,6,LRVQSLRDV,LRVQHLRDH,0,0.0,{'HLA-C06:02'},HLA-C06:02,0.25,2,9,129123081-129123082,129123081,T,TA,F,"53,59,53,53,53,76,18,18,53,18,18,53",PTPA,ENSG00000119383,"ENST00000337738,ENST00000348141,ENST00000355007,ENST00000358994,ENST00000393370,ENST00000417504,ENST00000417728,ENST00000440346,ENST00000445241,ENST00000452489,ENST00000453358,ENST00000455292",No,74.5085109492316,0.99997251239308,0,0,0,0,0,LRVQSLRDV,0.7951,LRVQHLRDH,0,0,0,0,0,LRVQHLRDH,11.3781,EIHTVPDMGKWKRSQAYADYIGFILNPQRRCEGEEADLRVQSLRDVE*,,seq_43,HLA-C0602,0,LRVQSLRDV,LRVQSLRDV,LRVQSLRDV,0.436,0,LRVQHLRDH,LRVQHLRDH,LRVQHLRDH,3.3802,0.878138,0.121862,substitution,"1,8","4,8",9,False,"4,8",Improved,7.752752293577982,0,-4,0,-4,0,0.158449,VQSLRD,2,0.001,0.34173,0,0,0,0,VQSLRD,0.25,0,0.7951,0.22492981111546428
45,6,ALSYLVSFQR,ALSYLVSFQT,1,0.39,{'HLA-A11:01'},HLA-A11:01,0.063,1,19,12044754,12044754,G,C,M,216,ZNF878,ENSG00000257446,ENST00000547628,No,0,1.0,0,1,1,0,0,ALSYLVSFQR,0.9644,ASYLVSFQT,0,1,1,0,0,ALSYLVSFQT,21.8429,RIHSAKKPYECKQCGKALSYLVSFQRHMRMHTGERPHKCNICGKAFFSPSS,RIHSAKKPYECKQCGKALSYLVSFQTHMRMHTGERPHKCNICGKAFFSPSS,seq_44,HLA-A1101,1,LSYLVSFQR,LSYLVSFQR,LSYLVSFQR,0.6257,0,ALSYLVSFQ,ALSYLVSFQ,ALSYLVSFQ,9.2143,0.925653,0.074347,substitution,"0,1,8",9,10,True,"0,1,2,3,4,5,6,7,8",Improved,14.726386447179156,2,-1,14,-11,1,0.049642,YLVSFQ,3,1.0,0.28521,0,0,0,0,YLVSFQ,0.25,3,0.9644,0.1520977538425177
46,6,RTSSTQQDNPK,RTSSTQQDNPQ,1,0.4,{'HLA-A11:01'},HLA-A11:01,0.096,1,22,37723649,37723649,C,A,M,365,TRIOBP,ENSG00000100106,ENST00000406386,No,9.5610834788,1.0,0,6,2,0,0,RTSSTQQDNPK,1.9886,RTSSTQNPQ,0,6,2,0,0,RTSSTQQDNPQ,22.1667,PRASSPSRSTQLDNPRTSSTQQDNPKTSFPTCTPQRENPRTPCVQQDDPRA,PRASSPSRSTQLDNPRTSSTQQDNPQTSFPTCTPQRENPRTPCVQQDDPRA,seq_45,HLA-A1101,0,RTSSTQQDNPK,RTSSTQQPK,RTSSTQQDNPK,0.2968,0,RTSSTQQDNPQ,RTSSTQNPQ,RTSSTQQDNPQ,8.976,0.992122,0.007878,substitution,"0,1,8",10,11,True,"6,8",Improved,30.24258760107817,2,1,2,1,1,0.022103,STQQDN,3,1.0,0.24518,0,0,0,0,STQQDN,0.35,2,1.9886,0.09385026232686584
47,6,LTAIQSFFF,LTAICLFFG,0,0.0,"{'HLA-A25:01', 'HLA-B57:01'}",HLA-B57:01,0.031,3,2,32650133-32650134,32650133,C,CTTTTTTTT,F,180,TTC27,ENSG00000018699,ENST00000317907,No,5.852028084,0.999999827793111,0,0,0,0,0,LTAIQSFFF,1.2749,LTAICLFFG,0,0,0,0,0,LTAICLFFG,31.1818,SKPILLLLARIILVNVRHKLTAIQSFFFCHGGL*,,seq_46,HLA-B5701,0,LTAIQSFFF,LTAIQSFFF,LTAIQSFFF,0.4438,0,LTAICLFF,LTA-ICLFF,LTAICLFF,5.2774,0.804239,0.1957609999999999,substitution,"1,8","4,5,8",9,False,"3,4,5,6",Improved,11.891392519152772,2,-8,7,-10,0,0.160276,AIQSFF,2,0.001,0.36627,0,0,0,0,AIQSFF,0.25,4,1.2749,0.32143579788704923
48,6,ILSCSDTSIFK,ILSCSDTSIFE,0,0.0,{'HLA-A11:01'},HLA-A11:01,0.308,1,1,248203653,248203653,G,A,M,196,OR2M3,ENSG00000228198,ENST00000456743,No,0,1.0,0,2,2,0,0,ILSCSDTSIFK,1.4381,ILSDTSIFE,0,2,2,0,0,ILSCSDTSIFE,37.2727,SREIAHFFCDFPSLLILSCSDTSIFKKILFICCIVMIVFPVAIIIASYARV,SREIAHFFCDFPSLLILSCSDTSIFEKILFICCIVMIVFPVAIIIASYARV,seq_47,HLA-A1101,1,LSCSDTSIFK,LSSDTSIFK,LSCSDTSIFK,0.4795,1,LSCSDTSIF,LSCSDTSIF,LSCSDTSIF,18.2105,0.967187,0.0328129999999999,substitution,"0,1,8",10,11,True,"2,3,4,5,6,7,8",Improved,37.97810218978102,2,1,14,-6,0,0.046917,SCSDTS,2,0.001,0.24058,0,0,0,0,SCSDTS,0.35,2,1.4381,0.1257233013520182
49,6,TVGESSKSSY,TFGESSKSSY,0,0.0,{'HLA-A25:01'},HLA-A25:01,0.067,1,X,100406710,100406710,A,C,M,630630630,PCDH19,ENSG00000165194,"ENST00000255531,ENST00000373034,ENST00000420881",No,0.00847908124,1.0,0,6,1,0,0,TVGESSKSSY,1.4734,TFGESSSSY,0,6,1,0,0,TFGESSKSSY,6.8703,YDMTEGDRGFFEIDQVNGEVRTTRTVGESSKSSYELIVVAHDHGKTSLSAS,YDMTEGDRGFFEIDQVNGEVRTTRTFGESSKSSYELIVVAHDHGKTSLSAS,seq_48,HLA-A2501,0,TVGESSKSSY,TVGESSSSY,TVGESSKSSY,0.9688,0,TFGESSKSSY,TFGESSSSY,TFGESSKSSY,5.0316,0.972638,0.0273619999999999,substitution,"0,1,8",1,10,True,1,Improved,5.19364161849711,2,-1,2,-1,0,0.0256,GESSKS,2,0.001,0.26445,0,0,0,0,GESSKS,0.5,3,1.4734,0.1080638861017545
50,6,ASAEWRRRR,DSAEWRRRR,0,0.0,{'HLA-A11:01'},HLA-A11:01,0.136,1,3,49651913,49651913,A,C,M,786,BSN,ENSG00000164061,ENST00000296452,No,0.02364058576,0.144881089130133,0,0,0,0,0,ASAEWRRRR,1.5684,DSAEWRRRR,0,0,0,0,0,DSAEWRRRR,11.4228,PHSLSITPEAFDSDEELEDILEEDEASAEWRRRREQQDTAESSDDFGSQLR,PHSLSITPEAFDSDEELEDILEEDEDSAEWRRRREQQDTAESSDDFGSQLR,seq_49,HLA-A1101,0,ASAEWRRRR,ASAEWRRRR,ASAEWRRRR,1.2456,0,DSAEWRRRR,DSAEWRRRR,DSAEWRRRR,8.0798,0.976956,0.0230439999999999,substitution,"0,1,8",0,9,True,0,Improved,6.4866730892742455,2,-2,2,-2,0,0.079186,EWRRRR,3,0.001,0.25591,0,0,0,0,EWRRRR,0.15,0,1.5684,0.14211055401149159
51,6,FIKKPKSWK,FIKKPKSWE,0,0.0,{'HLA-A11:01'},HLA-A11:01,0.14,1,19,47882117,47882117,C,T,M,147,SULT2A1,ENSG00000105398,ENST00000222002,No,0.0169633688,1.0,0,0,0,0,0,FIKKPKSWK,1.5808,FIKKPKSWE,0,0,0,0,0,FIKKPKSWE,23.537,NPRDVLVSGYFFWKNMKFIKKPKSWKEYFEWFCQGTVLYGSWFDHIHGWMP,NPRDVLVSGYFFWKNMKFIKKPKSWEEYFEWFCQGTVLYGSWFDHIHGWMP,seq_50,HLA-A1101,0,FIKKPKSWK,FIKKPKSWK,FIKKPKSWK,1.5674,0,FIKKPKSW,FIKKPK-SW,FIKKPKSW,26.0,0.945393,0.0546069999999999,substitution,"0,1,8",8,9,True,"6,7,8",Improved,16.587980094423887,2,1,-2,-12,0,0.048824,KKPKSW,2,0.001,0.21635,0,0,0,0,KKPKSW,0.5,3,1.5808,0.13938628547150364
52,6,GREREGSFY,GREREGSFH,0,0.0,{'HLA-C06:02'},HLA-C06:02,0.046,1,7,150742794,150742794,C,T,M,423,GIMAP1,ENSG00000281887,ENST00000611999,No,2.72174844,1.0,0,0,0,0,0,GREREGSFY,1.5852,GREREGSFH,0,0,0,0,0,GREREGSFH,22.0645,EEQRQQQAELLAVIERLGREREGSFYSNDLFLDAQLLQRTGAGACQEDYRQ,EEQRQQQAELLAVIERLGREREGSFHSNDLFLDAQLLQRTGAGACQEDYRQ,seq_51,HLA-C0602,0,GREREGSFY,GREREGSFY,GREREGSFY,5.3934,0,GREREGSF,GR-EREGSF,GREREGSF,15.2673,0.948456,0.051544,substitution,"1,8",8,9,True,"2,3,4,5,6,7,8",Conserved,2.8307375681388365,2,2,5,-7,0,0.0527,REGSFY,3,0.001,0.27957,0,0,0,0,REGSFY,0.15,2,1.5852,0.22461710150756692
53,6,LSSITMPKI,LSSITMPKM,0,0.0,{'HLA-B51:01'},HLA-B51:01,0.157,1,11,4640072,4640072,G,A,M,94,OR51D1,ENSG00000197428,ENST00000357605,No,0,1.0,0,0,0,0,0,LSSITMPKI,1.9205,LSSITMPKM,0,0,0,0,0,LSSITMPKM,6.1447,HEPMYLFLAMLSTIDLVLSSITMPKIASLFLMGIQEIEFNICLAQMFLIHA,HEPMYLFLAMLSTIDLVLSSITMPKMASLFLMGIQEIEFNICLAQMFLIHA,seq_52,HLA-B5101,1,SSITMPKI,SSI-TMPKI,SSITMPKI,1.2595,1,SSITMPKM,SSI-TMPKM,SSITMPKM,3.9568,0.978729,0.021271,substitution,"1,8",8,9,True,8,Improved,3.141564112743152,3,1,3,1,0,0.088548,SITMPK,2,0.001,0.3818,0,0,0,0,SITMPK,0.5,1,1.9205,0.1531353194883311
55,6,KPRQPVVHIW,KPLQPVVHIW,0,0.0,{'HLA-C06:02'},HLA-C06:02,0.15,1,11,62608648,62608648,A,C,M,3.36E+17,EML3,ENSG00000149499,"ENST00000278845,ENST00000394773,ENST00000394776,ENST00000494176,ENST00000529309,ENST00000531557",No,23.4266471111671,0.999999999999758,0,1,1,0,0,KPRQPVVHIW,1.6225,KPLPVVHIW,0,3,1,0,0,KPLQPVVHIW,12.3617,CLAVHPDGVRVASGQTAGVDKDGKPRQPVVHIWDSETLLKLQEIGLGAFER,CLAVHPDGVRVASGQTAGVDKDGKPLQPVVHIWDSETLLKLQEIGLGAFER,seq_53,HLA-C0602,1,PRQPVVHIW,PRQPVVHIW,PRQPVVHIW,0.9616,0,KPLQPVVHI,KPLQPVVHI,KPLQPVVHI,4.7049,0.856529,0.143471,substitution,"1,8",2,10,True,"0,1,2,3,4,6,7,8",Improved,4.892782861896839,4,-2,8,-17,0,0.098961,PVVHIW,4,0.001,0.38161,0,0,0,0,PVVHIW,0.4,1,1.6225,0.15390339257643992
56,6,RSSTRPPAER,RSSTRPPAEM,0,0.0,{'HLA-A11:01'},HLA-A11:01,0.2,1,9,136839353,136839353,T,G,M,542543543,RABL6,ENSG00000196642,"ENST00000311502,ENST00000371663,ENST00000425121",No,26.266855471254,1.0,0,4,1,0,0,RSSTRPPAER,1.711,RSSTPPAEM,0,4,1,0,0,RSSTRPPAEM,15.4421,APPWPGGVSVRTGPEKRSSTRPPAEREPGKGEQASSSESDPEGPIAAQMLS,APPWPGGVSVRTGPEKRSSTRPPAEMEPGKGEQASSSESDPEGPIAAQMLS,seq_54,HLA-A1101,1,SSTRPPAER,SSTRPPAER,SSTRPPAER,0.6004,0,RSSTRPPAE,RSSTRPPAE,RSSTRPPAE,9.738,0.924152,0.075848,substitution,"0,1,8",9,10,True,"0,2,3,4,6,7,8",Improved,16.219187208527647,1,-1,24,-5,0,0.039701,SSTRPP,1,0.001,0.24729,0,0,0,0,SSTRPP,0.6,0,1.711,0.10191285318295969
57,6,SSAWVQHADY,PSAWVQHADY,0,0.0,{'HLA-A25:01'},HLA-A25:01,0.176,1,1,160092372,160092372,G,A,M,546546546,IGSF8,ENSG00000162729,"ENST00000314485,ENST00000368086,ENST00000614243",No,20.0658488434104,1.0,0,8,1,0,0,SSAWVQHADY,1.7697,PSAWVQHAY,0,8,1,0,0,PSAWVQHADY,10.0305,LVGPRSHRLRLHSLGPEDEGVYHCASSAWVQHADYSWYQAGSARSGPVTVY,LVGPRSHRLRLHSLGPEDEGVYHCAPSAWVQHADYSWYQAGSARSGPVTVY,seq_55,HLA-A2501,0,SSAWVQHADY,SSAWVQHAY,SSAWVQHADY,1.4945,1,SAWVQHADY,SAWVQHADY,SAWVQHADY,3.5765,0.964135,0.035865,substitution,"0,1,8",0,10,True,"1,2,3,4,5,6,7",Conserved,2.39310806289729,4,-1,10,-11,0,0.058203,AWVQHA,2,0.001,0.26335,0,0,0,0,AWVQHA,0.3,4,1.7697,0.13438476037230188
58,6,SSIRLPEPV,SSTRLPEPV,0,0.0,{'HLA-C15:02'},HLA-C15:02,0.086,1,16,661660,661660,C,T,M,"1246,1246",WDR90,ENSG00000161996,"ENST00000293879,ENST00000549091",No,4.80574949921999,0.92877344622425,0,0,0,0,0,SSIRLPEPV,1.7848,SSTRLPEPV,0,0,0,0,0,SSTRLPEPV,5.1499,LVTLGDHDGRTLALWGTATYDLVSSIRLPEPVHGVAFNPWDAGELTCVGQG,LVTLGDHDGRTLALWGTATYDLVSSTRLPEPVHGVAFNPWDAGELTCVGQG,seq_56,HLA-C1502,0,SSIRLPEPV,SSIRLPEPV,SSIRLPEPV,0.9664,0,SSTRLPEPV,SSTRLPEPV,SSTRLPEPV,2.1219,0.94597,0.05403,substitution,"1,8",2,9,False,2,Conserved,2.1956746688741724,3,-1,3,-1,0,0.021798,SIRLPE,1,0.001,0.37667,0,0,0,0,SIRLPE,0.65,1,1.7848,0.1739095034007147
59,6,DALSSLFNI,DGLSSLFNI,0,0.0,{'HLA-A25:01'},HLA-A25:01,0.167,1,18,8825835,8825835,G,C,M,"1761,1442,1442,1401,767",MTCL1,ENSG00000168502,"ENST00000306329,ENST00000359865,ENST00000400050,ENST00000517570,ENST00000518815",No,0.293485266583009,0.426642772264117,0,0,0,0,0,DALSSLFNI,1.9455,DGLSSLFNI,0,0,0,0,0,DGLSSLFNI,14.241,KGYSESAWARSTTTRESPVHTTINDALSSLFNIIDHSPVVQDPFQKGLRAG,KGYSESAWARSTTTRESPVHTTINDGLSSLFNIIDHSPVVQDPFQKGLRAG,seq_57,HLA-A2501,0,DALSSLFNI,DALSSLFNI,DALSSLFNI,2.9695,0,DGLSSLFNI,DGLSSLFNI,DGLSSLFNI,17.504,0.965957,0.034043,substitution,"0,1,8",1,9,True,1,Conserved,5.894595049671662,4,0,4,0,0,0.278276,ALSSLF,1,0.001,0.34634,0,0,0,0,ALSSLF,0.3,3,1.9455,0.19615447508378447
60,6,PVKNLPQV,PVKNLPQM,1,0.23,{'HLA-B51:01'},HLA-B51:01,0.291,1,12,553553,553553,A,G,M,544447,B4GALNT3,ENSG00000139044,"ENST00000266383,ENST00000322843",No,0.962351952138439,0.265628092365751,0,0,0,0,1,PVKNLPQV,1.3715,-PVKNLPQM,0,0,0,0,1,PVKNLPQM,5.0918,SPEPSQDSPHSDKWPPGHPVKNLPQVRGPRPRPAGDSPRKTQWLNQVESYI,SPEPSQDSPHSDKWPPGHPVKNLPQMRGPRPRPAGDSPRKTQWLNQVESYI,seq_58,HLA-B5101,0,PVKNLPQV,-PVKNLPQV,PVKNLPQV,1.0429,0,PVKNLPQM,-PVKNLPQM,PVKNLPQM,3.3911,0.974742,0.025258,substitution,"1,8",7,8,True,8,Improved,3.2516060983795185,1,1,1,1,1,0.000657,VKNLPQ,1,1.0,0.23333,0,0,0,0,VKNLPQ,0.4,0,1.3715,0.1472813127668468
61,6,SSEDDGFFLGK,SSEDDGFFLGE,1,0.29,{'HLA-A11:01'},HLA-A11:01,0.114,1,X,49175825,49175825,C,T,M,498566,PRICKLE3,ENSG00000012211,"ENST00000453382,ENST00000599218",No,0.766513750623284,1.0,0,2,2,0,0,SSEDDGFFLGK,1.6701,SSDGFFLGE,0,2,2,0,0,SSEDDGFFLGE,30.8571,DSESCSSSPSSSSSESSEDDGFFLGKRIPLPPHLCRPMPAQDTAMETFNSP,DSESCSSSPSSSSSESSEDDGFFLGERIPLPPHLCRPMPAQDTAMETFNSP,seq_59,HLA-A1101,0,SSEDDGFFLGK,SSDGFFLGK,SSEDDGFFLGK,0.7154,0,SSEDDGFFL,SSEDDGFFL,SSEDDGFFL,9.842,0.928543,0.0714569999999999,substitution,"0,1,8",10,11,True,"2,3,4,5,6,7,8",Improved,13.7573385518591,2,1,12,-10,1,0.066281,GFFLGK,5,1.0,0.29777,0,0,0,0,GFFLGK,0.5,1,1.6701,0.1133137333207413
62,6,KVLNMAAK,KVLNMAAE,0,0.0,{'HLA-A11:01'},HLA-A11:01,0.25,1,14,79697758,79697758,G,A,M,"244,274,876,1268,274,244,1268,1279",NRXN3,ENSG00000021645,"ENST00000281127,ENST00000428277,ENST00000554719,ENST00000554738,ENST00000555387,ENST00000557594,ENST00000634499,ENST00000635466",No,0.17334489,0.211527067801559,0,0,0,4,1,KVLNMAAK,1.9096,KVL-NMAAE,0,0,0,3,1,KVLNMAAE,30.1905,DKGRLFQGQLSGLYYDGLKVLNMAAKNNPNIKINGSVRLVGEVPSILGTTQ,DKGRLFQGQLSGLYYDGLKVLNMAAENNPNIKINGSVRLVGEVPSILGTTQ,seq_60,HLA-A1101,0,KVLNMAAK,KVL-NMAAK,KVLNMAAK,2.5693,0,KVLNMAAE,KVL-NMAAE,KVLNMAAE,34.5,0.978373,0.0216269999999999,substitution,"0,1,8",7,8,True,8,Conserved,13.42778188611684,2,1,2,1,0,0.003065,VLNMAA,1,0.001,0.28683,0,0,0,0,VLNMAA,0.4,3,1.9096,0.18867554759608737
63,6,DVKDISFLFR,DVKDISFLLR,0,0.0,{'HLA-A25:01'},HLA-A25:01,0.192,1,19,48832737,48832737,G,A,M,76,HSD17B14,ENSG00000087076,ENST00000599157,No,18.7290074606111,1.0,0,0,0,0,0,DVKDISFLF,1.9493,DVKDISFLL,0,0,0,0,0,DVKDISFLL,6.5132,QELPGAVFILCDVTQEDDVKDISFLFRPWFLRPSADLAAWIVLSTTLATLA,QELPGAVFILCDVTQEDDVKDISFLLRPWFLRPSADLAAWIVLSTTLATLA,seq_61,HLA-A2501,0,DVKDISFLF,DVKDISFLF,DVKDISFLF,0.0086,0,DVKDISFLL,DVKDISFLL,DVKDISFLL,0.0875,0.982181,0.017819,substitution,"0,1,8",8,10,True,8,Conserved,10.174418604651162,6,0,6,0,0,0.193764,DISFLF,3,0.001,0.38916,0,0,0,0,DISFLF,0.45,1,1.9493,0.19551441339749848
64,6,YGYGGLGCGY,CGYGGLGCGY,0,0.0,{'HLA-A25:01'},HLA-A25:01,0.077,1,21,30592612,30592612,G,A,M,56,KRTAP6,ENSG00000212938,ENST00000391624,Yes,0.21413242,1.0,0,7,1,0,0,YGYGGLGCGY,1.6152,CGYGGLGGY,0,7,1,0,0,CGYGGLGCGY,10.6896,GCGYGGCGYGCCGYGGLGFGYGGLDYGYGGLGCGYGSFCGCGYRGLDCGYG,GCGYGGCGYGCCGYGGLGFGYGGLDCGYGGLGCGYGSFCGCGYRGLDCGYG,seq_62,HLA-A2501,0,YGYGGLGCGY,YGYGGLGGY,YGYGGLGCGY,4.4309,1,GYGGLGCGY,GYGGLGCGY,GYGGLGCGY,11.5488,0.964408,0.0355919999999999,substitution,"0,1,8",0,10,True,"0,1,2,4,5,6",Conserved,2.606423074318987,2,-2,2,-20,0,0.044155,GYGGLG,1,0.001,0.2828,0,0,0,0,GYGGLG,0.65,1,1.6152,0.23309785590091098
65,6,KGSLQGELQI,KGPLQGELQI,0,0.0,{'HLA-B57:01'},HLA-B57:01,0.669,1,2,30606045,30606045,C,T,M,258,LCLAT1,ENSG00000172954,ENST00000319406,No,1.4206385296,1.0,0,1,1,0,0,KGSLQGELQI,1.389,KGLQGELQI,0,2,1,0,0,KGPLQGELQI,7.3744,PRTTGFTFVVDRLREGRRQSEGSKGSLQGELQITAQGNQRGHKQMEKHSML,PRTTGFTFVVDRLREGRRQSEGSKGPLQGELQITAQGNQRGHKQMEKHSML,seq_63,HLA-B5701,0,KGSLQGELQI,KSLQGELQI,KGSLQGELQI,1.6381,0,KGPLQGELQI,KGLQGELQI,KGPLQGELQI,12.9393,0.944637,0.055363,substitution,"1,8",2,10,True,1,Improved,7.898968316952567,4,-1,2,0,0,0.00306,GSLQGE,1,0.001,0.31739,0,0,0,0,GSLQGE,0.55,2,1.389,0.11195940402122999
66,6,KSKLVRHQRI,KSKLVRHQRT,1,0.2,{'HLA-B57:01'},HLA-B57:01,0.05,1,19,57572444,57572444,G,A,M,487,ZNF416,ENSG00000083817,ENST00000196489,No,1.82453364,0.996005228459852,0,5,1,0,0,KSKLVRHQRI,1.8242,KSKLVHQRT,0,5,1,0,0,KSKLVRHQRT,13.0384,AERPYVCGECGKAFMFKSKLVRHQRIHTGERPFECSECGKFFRQSYTLVEH,AERPYVCGECGKAFMFKSKLVRHQRTHTGERPFECSECGKFFRQSYTLVEH,seq_64,HLA-B5701,0,KSKLVRHQRI,KSKLVHQRI,KSKLVRHQRI,3.3559,0,KSKLVRHQR,KSKLVRHQR,KSKLVRHQR,6.326,0.964968,0.0350319999999999,substitution,"1,8",9,10,True,"5,6,7,8",Conserved,1.8850382907714769,3,-1,9,-2,1,0.021322,KLVRHQ,2,1.0,0.31868,0,0,0,0,KLVRHQ,0.5,3,1.8242,0.12754645062650416
67,6,DDIYPIDFY,DDIYPIDFH,1,0.27,{'HLA-A25:01'},HLA-A25:01,0.357,1,3,160381575,160381575,G,A,M,"63,63,63,63,63",IFT80,ENSG00000068885,"ENST00000326448,ENST00000478536,ENST00000482317,ENST00000489004,ENST00000498409",No,1.407144,1.0,0,0,0,0,0,DDIYPIDFY,1.8598,DDIYPIDFH,0,0,0,0,0,DDIYPIDFH,13.685,VKWNLLTSETTQIVKLPDDIYPIDFYWFPKSLGVKKQTQAESFVLTSSDGK,VKWNLLTSETTQIVKLPDDIYPIDFHWFPKSLGVKKQTQAESFVLTSSDGK,seq_65,HLA-A2501,1,DIYPIDFY,DIY-PIDFY,DIYPIDFY,0.9639,1,DIYPIDFH,DIY-PIDFH,DIYPIDFH,18.5,0.961869,0.038131,substitution,"0,1,8",8,9,True,8,Improved,19.19286233011724,2,2,2,2,1,0.133736,DIYPID,1,1.0,0.2416,0,0,0,0,DIYPID,0.45,4,1.8598,0.26825310392877677
68,6,KRIPLPPHLC,ERIPLPPHLC,1,0.4,{'HLA-C06:02'},HLA-C06:02,0.114,1,X,49175825,49175825,C,T,M,498566,PRICKLE3,ENSG00000012211,"ENST00000453382,ENST00000599218",No,0.766513750623284,1.0,0,0,0,0,0,KRIPLPPHL,1.8949,ERIPLPPHL,0,0,0,0,0,ERIPLPPHL,5.2192,DSESCSSSPSSSSSESSEDDGFFLGKRIPLPPHLCRPMPAQDTAMETFNSP,DSESCSSSPSSSSSESSEDDGFFLGERIPLPPHLCRPMPAQDTAMETFNSP,seq_66,HLA-C0602,0,KRIPLPPHL,KRIPLPPHL,KRIPLPPHL,0.0067,0,ERIPLPPHL,ERIPLPPHL,ERIPLPPHL,0.0283,0.983637,0.016363,substitution,"1,8",0,10,False,0,Conserved,4.223880597014925,2,1,2,1,1,0.051084,RIPLPP,1,1.0,0.29563,0,0,0,0,RIPLPP,0.75,1,1.8949,0.1908264713572775
69,6,LVRRTLLHV,LVRRTLLHA,1,0.43,{'HLA-C15:02'},HLA-C15:02,0.147,1,3,51863072,51863072,C,T,M,66,IQCF2,ENSG00000184345,ENST00000333127,No,0,1.0,0,0,0,0,0,LVRRTLLHV,1.8239,LVRRTLLHA,0,0,0,0,0,LVRRTLLHA,6.4246,RIRTKAAVKIQAWWRGTLVRRTLLHVALRAWIIQCWWRMTLSRVLEKKRQA,RIRTKAAVKIQAWWRGTLVRRTLLHAALRAWIIQCWWRMTLSRVLEKKRQA,seq_67,HLA-C1502,0,LVRRTLLHV,LVRRTLLHV,LVRRTLLHV,1.3372,0,LVRRTLLHA,LVRRTLLHA,LVRRTLLHA,7.6695,0.984607,0.0153929999999999,substitution,"1,8",8,9,True,8,Improved,5.735492072988334,4,0,4,0,1,0.059688,RRTLLH,2,1.0,0.29347,0,0,0,0,RRTLLH,0.4,0,1.8239,0.24337731897416523
70,32,TQAHHALLR,TQAHHALLQ,0,0.0,{'HLA-A31:01'},HLA-A31:01,0.786,1,21,46431839,46431839,A,G,M,2792,PCNT,ENSG00000160299,ENST00000359568,No,-,1.0,0,0,0,0,0,TQAHHALLR,0.491,TQAHHALLQ,0,0,0,0,0,TQAHHALLQ,16.7851,LTEQLSQRTQEACVHQDTQAHHALLRKLKEEKSRVVDLQAMLEKVQQQALH,LTEQLSQRTQEACVHQDTQAHHALLQKLKEEKSRVVDLQAMLEKVQQQALH,seq_68,HLA-A3101,0,TQAHHALLR,TQAHHALLR,TQAHHALLR,0.5217,0,TQAHHALLQ,TQAHHALLQ,TQAHHALLQ,23.3729,0.983649,0.016351,substitution,"0,1,8",8,9,True,8,Improved,44.80141843971631,2,1,2,1,0,0.166257,HHALLR,3,0.001,0.35864,0,0,0,0,HHALLR,0.4,4,0.491,0.18466389336761618
71,32,VARASHRQQR,VARASHRQQG,0,0.0,{'HLA-A31:01'},HLA-A31:01,0.375,1,22,50000765,50000765,C,T,M,"70,70",IL17REL,ENSG00000188263,"ENST00000341280,ENST00000389983",No,-,1.0,0,6,1,0,0,VARASHRQQR,1.4176,VRASHRQQG,0,1,1,0,0,VARASHRQQG,70.6667,CAMSLDTQETQCQSVWVARASHRQQRGQQLQVHFGCFAVSVAQHLYVTLRT,CAMSLDTQETQCQSVWVARASHRQQGGQQLQVHFGCFAVSVAQHLYVTLRT,seq_69,HLA-A3101,0,VARASHRQQR,VAASHRQQR,VARASHRQQR,1.0792,0,VARASHRQQ,VARASHRQQ,VARASHRQQ,15.5509,0.969845,0.030155,substitution,"0,1,8",9,10,True,"2,3,4,5,6,8",Improved,14.409655300222388,6,-2,10,1,0,0.008226,ARASHR,1,0.001,0.22864,0,0,0,0,ARASHR,0.45,4,1.4176,0.1405408502298772
72,32,YSESGVQL,DSESGVQL,0,0.0,{'HLA-C05:01'},HLA-C05:01,0.247,1,1,16938921,16938921,G,T,M,"463,323,65,357",CROCC,ENSG00000058453,"ENST00000375541,ENST00000445545,ENST00000467715,ENST00000467938",No,-,1.0,0,0,0,3,1,YSESGVQL,1.0418,DSE-SGVQL,0,0,0,3,1,DSESGVQL,12.9747,EKQNLEKDQVNKDLTEKLEALAVLSYSESGVQLSGSERTADASNGSLRGLS,EQAALETEDGEGLQQTLRDLAQAVLSDSESGVQLSGSERTADASNGSLRGL,seq_70,HLA-C0501,0,YSESGVQL,YSE-SGVQL,YSESGVQL,0.1432,0,DSESGVQL,DSE-SGVQL,DSESGVQL,2.5508,0.951424,0.0485759999999999,substitution,"1,2,8",0,8,False,0,Improved,17.812849162011176,2,-3,2,-3,0,0.01543,SESGVQ,1,0.001,0.31128,0,0,0,0,SESGVQ,0.8,0,1.0418,0.14055487563258243
73,32,TSLPQTQGL,TSLPQTQGP,1,0.23,"{'HLA-B57:01', 'HLA-C07:01'}",HLA-B57:01,0.375,1,21,46416739,46416739,C,T,M,2274,PCNT,ENSG00000160299,ENST00000359568,No,-,1.0,0,0,0,0,0,TSLPQTQGL,0.9547,TSLPQTQGP,0,0,0,0,0,TSLPQTQGP,10.0275,GALSLCSADTSLGDRADTSLPQTQGLGLLCSPGVSAAALALQWAESPPADD,GALSLCSADTSLGDRADTSLPQTQGPGLLCSPGVSAAALALQWAESPPADD,seq_71,HLA-B5701,0,TSLPQTQGL,TSLPQTQGL,TSLPQTQGL,1.7705,0,TSLPQTQGP,TSLPQTQGP,TSLPQTQGP,9.9595,0.966509,0.033491,substitution,"1,8",8,9,True,8,Improved,5.625247105337476,4,-3,4,-3,1,0.060034,SLPQTQ,1,1.0,0.2996,0,0,0,0,SLPQTQ,0.8,0,0.9547,0.07984429693588263
74,32,ALAPALWWR,ALAPALWWG,1,0.38,{'HLA-A31:01'},HLA-A31:01,0.381,1,19,43362297,43362297,G,A,M,431,CD177,ENSG00000204936,ENST00000618265,No,-,1.0,0,0,0,0,0,ALAPALWWR,0.1684,ALAPALWWG,0,0,0,0,0,ALAPALWWG,17.6978,EGGGAEGLESLTWGVGLALAPALWWRVVCPSC,EGGGAEGLESLTWGVGLALAPALWWGVVCPSC,seq_72,HLA-A3101,0,ALAPALWWR,ALAPALWWR,ALAPALWWR,0.1434,0,ALAPALWW,ALAPALW-W,ALAPALWW,25.6512,0.931177,0.0688229999999999,substitution,"0,1,8",8,9,True,"7,8",Improved,178.8786610878661,6,-2,-1,-9,1,0.186493,PALWWR,3,1.0,0.29989,0,0,0,0,PALWWR,0.25,4,0.1684,0.27400761837408727
75,32,STALRLTAF,SRALRLTAF,1,0.54,"{'HLA-B57:01', 'HLA-C05:01', 'HLA-A01:01'}",HLA-B57:01,0.308,1,16,30506720,30506720,G,C,M,791707,ITGAL,ENSG00000005844,"ENST00000356798,ENST00000358164",No,-,1.0,0,0,0,0,0,STALRLTAF,0.6356,SRALRLTAF,0,0,0,0,0,SRALRLTAF,10.9777,PFEKNCGEDKKCEANLRVSFSPARSTALRLTAFASLSVELSLSNLEEDAYW,PFEKNCGEDKKCEANLRVSFSPARSRALRLTAFASLSVELSLSNLEEDAYW,seq_73,HLA-B5701,0,STALRLTAF,STALRLTAF,STALRLTAF,1.0889,1,RALRLTAF,RALRL-TAF,RALRLTAF,2.787,0.93196,0.0680399999999999,substitution,"1,8",1,9,True,"0,1,2,3,4,5",Conserved,2.5594636789420515,2,-1,15,-12,1,0.111589,ALRLTA,2,1.0,0.23805,0,0,0,0,ALRLTA,0.55,1,0.6356,0.14065715154556835
76,32,RHTIAPRNWR,RHTIAPRNWG,0,0.0,{'HLA-A31:01'},HLA-A31:01,0.407,1,22,50531218,50531218,C,G,M,"131,63,131",ODF3B,ENSG00000177989,"ENST00000329363,ENST00000403326,ENST00000428989",No,-,1.0,0,1,1,0,0,RHTIAPRNWR,0.1038,RTIAPRNWG,0,1,1,0,0,RHTIAPRNWG,29.9286,RYFPERAGNATYPSAPRHTIAPRNWRVQAEQQSPGPAAYTVPSLLGPRVIG,RYFPERAGNATYPSAPRHTIAPRNWGVQAEQQSPGPAAYTVPSLLGPRVIG,seq_74,HLA-A3101,1,HTIAPRNWR,HTIAPRNWR,HTIAPRNWR,0.0443,1,HTIAPRNW,HTIAPR-NW,HTIAPRNW,16.1385,0.931312,0.0686879999999999,substitution,"0,1,8",9,10,True,"6,7,8",Improved,364.3002257336343,6,-2,-1,-13,0,0.012439,HTIAPR,1,0.001,0.2788,0,0,0,0,HTIAPR,0.4,0,0.1038,0.10210956773349969
77,32,LSTWAGLKPSW,LSTWAGLKPSR,0,0.0,{'HLA-B57:01'},HLA-B57:01,0.366,1,20,62193517,62193517,C,T,M,"33,33,33",MTG2,ENSG00000101181,"ENST00000370823,ENST00000448254,ENST00000467101",No,-,1.0,0,2,2,0,0,LSTWAGLKPSW,0.6456,LSAGLKPSR,0,2,2,0,0,LSTWAGLKPSR,47.9474,SARLRTVFQGVGHWALSTWAGLKPSWLLPQRASPRLLSVGRADLAKHQELP,SARLRTVFQGVGHWALSTWAGLKPSRLLPQRASPRLLSVGRADLAKHQELP,seq_75,HLA-B5701,1,STWAGLKPSW,STWGLKPSW,STWAGLKPSW,0.0119,1,STWAGLKPSR,STWAGLPSR,STWAGLKPSR,9.4941,0.967437,0.032563,substitution,"1,8",10,11,True,"3,4,5,8",Improved,797.8235294117646,2,-3,6,-9,0,0.033643,GLKPSW,5,0.001,0.33126,0,0,0,0,GLKPSW,0.25,0,0.6456,0.10851649491768342
78,32,VPPDQLPL,VPPDQLPP,0,0.0,{'HLA-B51:01'},HLA-B51:01,0.452,1,20,62312635,62312635,G,A,M,3075,LAMA5,ENSG00000130702,ENST00000252999,No,-,1.0,0,0,0,7,1,VPPDQLPL,0.8767,VPPDQLPP-,0,0,0,8,1,VPPDQLPP,16.7525,SVEQDNDLELADAYYLGGVPPDQLPLSLRRLFPTGGSVRGCVKGIKALGKY,SVEQDNDLELADAYYLGGVPPDQLPPSLRRLFPTGGSVRGCVKGIKALGKY,seq_76,HLA-B5101,0,VPPDQLPL,VPPDQLP-L,VPPDQLPL,0.6322,0,VPPDQLPP,VPPDQLP-P,VPPDQLPP,8.1384,0.949172,0.0508279999999999,substitution,"1,8",7,8,True,8,Improved,12.873141410945903,4,-3,4,-3,0,0.005581,PDQLPL,2,0.001,0.28275,0,0,0,0,PDQLPL,0.35,0,0.8767,0.2512312866131513
79,32,VTLGHGLPELY,VTLGHGLPELH,1,0.27,{'HLA-A01:01'},HLA-A01:01,0.363,1,11,67663227,67663227,G,A,M,112,ALDH3B2,ENSG00000132746,ENST00000531248,No,-,1.0,0,7,2,0,0,VTLGHGLPELY,0.3322,VTLGHGLLH,0,7,2,0,0,VTLGHGLPELH,9.5396,IKGDPLPTLYRLEPAAVTLGHGLPELYPPVSVPPASNGSHRET,IKGDPLPTLYRLEPAAVTLGHGLPELHPPVSVPPASNGSHRET,seq_77,HLA-A0101,0,VTLGHGLPELY,VTLGHGLLY,VTLGHGLPELY,0.2997,0,VTLGHGLPELH,VTLGHGLLH,VTLGHGLPELH,4.5801,0.985908,0.0140919999999999,substitution,"1,2,8",10,11,True,8,Improved,15.28228228228228,2,2,2,2,1,0.026844,GLPELY,5,1.0,0.35373,0,0,0,0,GLPELY,0.4,3,0.3322,0.1676713538528854
80,32,AALGCISLLW,AALGCISLLC,1,0.39,{'HLA-B57:01'},HLA-B57:01,0.335,1,22,50481895,50481895,C,G,M,"16,16",ADM2,ENSG00000128165,"ENST00000395737,ENST00000395738",No,-,1.0,0,4,1,0,0,AALGCISLLW,0.2374,AALGISLLC,0,4,1,0,0,AALGCISLLC,29.519,MARIPTAALGCISLLWLQLPGSLSRSLGGDPRPVKPREPPA,MARIPTAALGCISLLCLQLPGSLSRSLGGDPRPVKPREPPA,seq_78,HLA-B5701,0,AALGCISLLW,AALGISLLW,AALGCISLLW,0.078,0,AALGCISLL,AALGCISLL,AALGCISLL,4.5333,0.959106,0.0408939999999999,substitution,"1,8",9,10,True,"4,5,6,8",Improved,58.11923076923077,2,-2,5,-7,1,0.085264,CISLLW,4,1.0,0.31377,0,0,0,0,CISLLW,0.45,0,0.2374,0.3891346265862026
81,32,LTLVPYTLVW,LTLVPYTLVR,0,0.0,{'HLA-B57:01'},HLA-B57:01,0.352,1,17,80205094,80205094,C,T,M,820820820,CARD14,ENSG00000141527,"ENST00000344227,ENST00000573882,ENST00000648509",No,-,1.0,0,2,1,0,0,LTLVPYTLVW,0.2768,LTVPYTLVR,0,2,1,0,0,LTLVPYTLVR,30.5811,PSRMEGSSTCFWAESCLTLVPYTLVWPHRPARPRPVLLVPRAVGKILSEKL,PSRMEGSSTCFWAESCLTLVPYTLVRPHRPARPRPVLLVPRAVGKILSEKL,seq_79,HLA-B5701,0,LTLVPYTLVW,LTLPYTLVW,LTLVPYTLVW,0.0188,0,LTLVPYTL,LTL-VPYTL,LTLVPYTL,2.3103,0.918943,0.081057,substitution,"1,8",9,10,True,"3,4,5,6,7,8",Improved,122.88829787234042,2,-3,2,-11,0,0.188757,PYTLVW,4,0.001,0.39596,0,0,0,0,PYTLVW,0.65,2,0.2768,0.35557156663360034
82,32,ATTKDTYRR,ATTKDTYRH,0,0.0,{'HLA-A31:01'},HLA-A31:01,0.349,1,5,150070569,150070569,T,C,M,362362,CSF1R,ENSG00000182578,"ENST00000286301,ENST00000504875",No,-,1.0,0,0,0,0,0,ATTKDTYRR,0.2864,ATTKDTYRH,0,0,0,0,0,ATTKDTYRH,6.461,TYLGPFSDHQPEPKLANATTKDTYRRTFTLSLPRLKPSEAGRYSFLARNPG,TYLGPFSDHQPEPKLANATTKDTYRHTFTLSLPRLKPSEAGRYSFLARNPG,seq_80,HLA-A3101,0,ATTKDTYRR,ATTKDTYRR,ATTKDTYRR,0.4316,0,ATTKDTYR,AT-TKDTYR,ATTKDTYR,3.7897,0.951679,0.0483209999999999,substitution,"0,1,8",8,9,True,"2,3,4,5,6,7",Improved,8.780583873957369,2,0,-1,-13,0,0.092455,KDTYRR,3,0.001,0.2841,0,0,0,0,KDTYRR,0.05,3,0.2864,0.23274504271545465
83,32,SPTKALLSI,SPTKALLST,0,0.0,{'HLA-B51:01'},HLA-B51:01,0.421,1,10,133186142,133186142,C,T,M,265200,KNDC1,ENSG00000171798,"ENST00000304613,ENST00000368571",No,-,1.0,0,0,0,0,0,SPTKALLSI,0.1567,SPTKALLST,0,0,0,0,0,SPTKALLST,9.3016,LPTPEGPESETSRGPRASPTKALLSIPVRNGESHSREGLAGLVLDAERTLG,LPTPEGPESETSRGPRASPTKALLSTPVRNGESHSREGLAGLVLDAERTLG,seq_81,HLA-B5101,0,SPTKALLSI,SPTKALLSI,SPTKALLSI,0.0685,0,SPTKALLST,SPTKALLST,SPTKALLST,4.3442,0.983155,0.016845,substitution,"1,8",8,9,True,8,Improved,63.418978102189776,3,-1,3,-1,0,0.117169,KALLSI,3,0.001,0.33509,0,0,0,0,KALLSI,0.1,3,0.1567,0.11416054570542815
84,32,CSRSCGGGLW,CSRSCGGGLR,0,0.0,{'HLA-B57:01'},HLA-B57:01,0.309,1,7,149812331,149812331,C,T,M,3274,SSPO,ENSG00000197558,ENST00000378016,No,-,1.0,0,4,1,0,0,CSRSCGGGLW,0.7034,CSRSGGGLR,0,4,1,0,0,CSRSCGGGLR,38.9474,GCDRAGGWGPWGPWSHCSRSCGGGLWSRTRACDQPPPQGLGDYCEGPRAQG,GCDRAGGWGPWGPWSHCSRSCGGGLRSRTRACDQPPPQGLGDYCEGPRAQG,seq_82,HLA-B5701,2,RSCGGGLW,RSCGGG-LW,RSCGGGLW,0.5388,0,CSRSCGGGL,CSRSCGGGL,CSRSCGGGL,22.6767,0.824302,0.175698,substitution,"1,8",9,10,True,"0,2,3,4,6,7,8",Improved,42.08741648106905,2,-3,6,-21,0,0.02105,SCGGGL,3,0.001,0.24522,0,0,0,0,SCGGGL,0.3,0,0.7034,0.17170597842708774
85,32,LAHARRPIAQW,LAHARRPIAQR,0,0.0,{'HLA-B57:01'},HLA-B57:01,0.817,1,11,1837342,1837342,C,T,M,359373372,SYT8,ENSG00000149043,"ENST00000341958,ENST00000381968,ENST00000381978",No,-,1.0,0,1,2,0,0,LAHARRPIAQW,0.611,LARRPIAQR,0,1,2,0,0,LAHARRPIAQR,34.7692,GARASGQPLQHWADMLAHARRPIAQWHPLRPAREVDRMLALQPRLRLRLPL,LGARASGQPLQHWADMLAHARRPIAQRHPLRPAREVDRMLALQPRLRLRLP,seq_83,HLA-B5701,2,HARRPIAQW,HARRPIAQW,HARRPIAQW,0.0166,2,HARRPIAQR,HARRPIAQR,HARRPIAQR,6.8127,0.958259,0.041741,substitution,"1,8",10,11,True,8,Improved,410.40361445783134,2,-3,2,-3,0,0.011306,AHARRP,1,0.001,0.31134,0,0,0,0,AHARRP,0.45,3,0.611,0.12906135105578276
86,32,IPALQLLL,ILALQLLL,0,0.0,{'HLA-B51:01'},HLA-B51:01,0.402,1,8,144114582,144114582,T,C,M,1274,WDR97,ENSG00000179698,ENST00000323662,No,-,1.0,0,0,0,5,1,IPALQLLL,0.232,ILA-LQLLL,0,0,0,3,1,ILALQLLL,13.5701,GLLVHLLNLDQPPSLQDQTQKKFVIPALQLLLACSLESRDVVLELMSYFLY,GLLVHLLNLDQPPSLQDQTQKKFVILALQLLLACSLESRDVVLELMSYFLY,seq_84,HLA-B5101,0,IPALQLLL,IPA-LQLLL,IPALQLLL,0.1713,0,ILALQLLL,ILA-LQLLL,ILALQLLL,11.5005,0.931185,0.0688149999999999,substitution,"1,8",1,8,True,1,Improved,67.13660245183888,4,-3,4,-3,0,0.050388,ALQLLL,2,0.001,0.30541,0,0,0,0,ALQLLL,0.55,1,0.232,0.4608958767509197
87,32,KIQQALNIQR,KIQQALNIQQ,0,0.0,{'HLA-A31:01'},HLA-A31:01,0.5,1,11,6528774,6528774,A,G,M,697697,DNHD1,ENSG00000179532,"ENST00000254579,ENST00000527990",No,-,1.0,0,2,1,0,0,KIQQALNIQR,0.2636,KIQALNIQQ,0,2,1,0,0,KIQQALNIQQ,13.8685,FPHNYKQLEEDLDNNPKIQQALNIQRVLLEGVLCKVQEFCREHHWITGIYE,FPHNYKQLEEDLDNNPKIQQALNIQQVLLEGVLCKVQEFCREHHWITGIYE,seq_85,HLA-A3101,0,KIQQALNIQR,KIQQALIQR,KIQQALNIQR,0.1219,0,KIQQALNIQ,KIQQALNIQ,KIQQALNIQ,12.9133,0.967248,0.032752,substitution,"0,1,8",9,10,True,"6,7,8",Improved,105.9335520918786,2,1,4,-5,0,0.057673,ALNIQR,4,0.001,0.22977,0,0,0,0,ALNIQR,0.2,2,0.2636,0.15853833042762094
88,32,RSPYWACKR,RSPYWACKG,0,0.0,{'HLA-A31:01'},HLA-A31:01,0.772,1,16,84195164,84195164,G,C,M,307235144,ADAD2,ENSG00000140955,"ENST00000268624,ENST00000315906,ENST00000567685",No,-,1.0,0,0,0,0,0,RSPYWACKR,0.6899,RSPYWACKG,0,0,0,0,0,RSPYWACKG,57.9412,QRCAALVSAGFDLLLDERSPYWACKRTVAGVILEREIPRARGHVKEIYKLV,QRCAALVSAGFDLLLDERSPYWACKGTVAGVILEREIPRARGHVKEIYKLV,seq_86,HLA-A3101,0,RSPYWACKR,RSPYWACKR,RSPYWACKR,0.5942,0,RSPYWACK,RS-PYWACK,RSPYWACK,8.247,0.932495,0.067505,substitution,"0,1,8",8,9,True,"2,3,4,5,6,7,8",Improved,13.879165264220802,6,-2,-1,-11,0,0.117356,SPYWAC,1,0.001,0.31559,0,0,0,0,SPYWAC,0.55,4,0.6899,0.13157310807775957
89,32,RANLSSQALR,RANLSSQALQ,0,0.0,{'HLA-A31:01'},HLA-A31:01,0.678,1,3,52786995,52786995,A,G,M,"595,148,18,307",ITIH1,ENSG00000055957,"ENST00000273283,ENST00000428133,ENST00000484844,ENST00000537050",No,-,1.0,0,3,1,0,0,RANLSSQALR,0.3115,RANSSQALQ,0,3,1,0,0,RANLSSQALQ,20.615,TIQELLAKRMKVDREERANLSSQALRMSLDYGFVTPLTSMSIRGMADQDGL,TIQELLAKRMKVDREERANLSSQALQMSLDYGFVTPLTSMSIRGMADQDGL,seq_87,HLA-A3101,0,RANLSSQALR,RANSSQALR,RANLSSQALR,0.3855,0,RANLSSQAL,RANLSSQAL,RANLSSQAL,12.5408,0.971546,0.0284539999999999,substitution,"0,1,8",9,10,True,"3,5,6,7,8",Improved,32.53125810635538,2,1,6,-6,0,0.028809,NLSSQA,2,0.001,0.27558,0,0,0,0,NLSSQA,0.4,1,0.3115,0.1018211218373446
90,32,AWASREPLRPR,AWASREPLRPW,1,0.21,{'HLA-A31:01'},HLA-A31:01,0.661,1,19,49016648,49016648,A,G,M,"28,28",LHB,ENSG00000104826,"ENST00000221421,ENST00000649238",No,-,1.0,0,1,2,0,0,AWASREPLRPR,1.7384,AWASREPLR,0,0,0,0,0,AWASREPLR,19.625,MLQGLLLLLLLSMGGAWASREPLRPRCHPINAILAVEKEGCPVCITVNTTI,MLQGLLLLLLLSMGGAWASREPLRPWCHPINAILAVEKEGCPVCITVNTTI,seq_88,HLA-A3101,2,ASREPLRPR,ASREPLRPR,ASREPLRPR,0.0145,0,AWASREPLR,AWASREPLR,AWASREPLR,0.8064,0.815673,0.184327,substitution,"0,1,8",10,11,True,"1,2,3,4,5,6,7",Improved,55.61379310344827,2,-3,13,-14,1,0.013519,REPLRP,4,1.0,0.23354,0,0,0,0,REPLRP,0.6,3,1.7384,0.09124356735284893
91,32,SPDHKLHLF,SPHHKLHLF,1,0.36,"{'HLA-C07:01', 'HLA-C05:01', 'HLA-A01:01'}",HLA-C05:01,0.724,1,22,25205229,25205229,C,G,M,113,CRYBB3,ENSG00000100053,ENST00000215855,No,-,1.0,0,0,0,0,0,SPDHKLHLF,0.3465,SPHHKLHLF,0,0,0,0,0,SPHHKLHLF,5.4677,RWDAWSNSRDSDSLLSLRPLNIDSPDHKLHLFENPAFSGRKMEIVDDDVPS,RWDAWSNSRDSDSLLSLRPLNIDSPHHKLHLFENPAFSGRKMEIVDDDVPS,seq_89,HLA-C0501,0,SPDHKLHLF,SPDHKLHLF,SPDHKLHLF,0.1556,0,SPHHKLHLF,SPHHKLHLF,SPHHKLHLF,3.0965,0.913101,0.0868989999999999,substitution,"1,2,8",2,9,True,2,Improved,19.90038560411311,2,-1,2,-1,1,0.139247,HKLHLF,3,1.0,0.30692,0,0,0,0,HKLHLF,0.25,1,0.3465,0.14866029966930933
92,32,SSQLAQIQR,SSQLAQIQC,1,0.36,{'HLA-A31:01'},HLA-A31:01,0.672,1,17,40978955,40978955,A,G,M,349349,KRT40,ENSG00000204889,"ENST00000377755,ENST00000398486",No,-,1.0,0,0,0,0,0,SSQLAQIQR,0.2415,SSQLAQIQC,0,0,0,0,0,SSQLAQIQC,28.7778,SLTESLECTVAETEAQYSSQLAQIQRLIDNLENQLAEIRCDLERQNQEYQV,SLTESLECTVAETEAQYSSQLAQIQCLIDNLENQLAEIRCDLERQNQEYQV,seq_90,HLA-A3101,0,SSQLAQIQR,SSQLAQIQR,SSQLAQIQR,0.1877,0,SSQLAQIQC,SSQLAQIQC,SSQLAQIQC,28.5667,0.963089,0.036911,substitution,"0,1,8",8,9,True,8,Improved,152.19339371337242,2,-3,2,-3,1,0.240252,QLAQIQ,2,1.0,0.24906,0,0,0,0,QLAQIQ,0.45,3,0.2415,0.13132276803247428
93,32,QSAHFRGW,QRAHFRGW,1,0.4,{'HLA-B57:01'},HLA-B57:01,0.523,1,19,48874661,48874661,G,T,M,476115,PPP1R15A,ENSG00000087074,"ENST00000200453,ENST00000600406",No,-,1.0,0,0,0,3,1,QSAHFRGW,0.5848,Q-RAHFRGW,0,0,0,1,1,QRAHFRGW,7.7174,EDKEDDSEAALGEAESDPHPSHPDQSAHFRGWGYRPGKETEEEEAAEDWGE,EDKEDDSEAALGEAESDPHPSHPDQRAHFRGWGYRPGKETEEEEAAEDWGE,seq_91,HLA-B5701,0,QSAHFRGW,QSA-HFRGW,QSAHFRGW,0.5715,0,QRAHFRGW,Q-RAHFRGW,QRAHFRGW,6.0439,0.939632,0.0603679999999999,substitution,"1,8",1,8,True,"1,2,3",Improved,10.575503062117235,6,-1,-6,-13,1,0.03129,AHFRGW,2,1.0,0.2445,0,0,0,0,AHFRGW,0.1,2,0.5848,0.16070738269088275
94,32,RASRLTSQM,RASRLTSQT,0,0.0,{'HLA-B57:01'},HLA-B57:01,0.739,1,9,131087543,131087543,C,T,M,"115,1433",LAMC3,ENSG00000050555,"ENST00000355452,ENST00000361069",No,-,1.0,0,0,0,0,0,RASRLTSQM,0.4293,RASRLTSQT,0,0,0,0,0,RASRLTSQT,7.3037,SAKLAKALLRERKQAHRRASRLTSQMQATLQQASQQVLASEARRQELEEAE,DSAKLAKALLRERKQAHRRASRLTSQTQATLQQASQQVLASEARRQELEEA,seq_92,HLA-B5701,0,RASRLTSQM,RASRLTSQM,RASRLTSQM,1.2199,0,RASRLTSQT,RASRLTSQT,RASRLTSQT,11.9322,0.980195,0.0198049999999999,substitution,"1,8",8,9,True,8,Improved,9.78129354865153,1,-1,1,-1,0,0.025185,SRLTSQ,2,0.001,0.29421,0,0,0,0,SRLTSQ,0.35,1,0.4293,0.11650674989875513
95,32,TSKDPVGRNWC,TGKDPVGRNWC,0,0.0,{'HLA-B57:01'},HLA-B57:01,0.5,1,10,86957397,86957397,C,T,M,49,MMRN2,ENSG00000173269,ENST00000372027,No,-,1.0,0,3,1,0,0,TSKDPVGRNW,1.3349,TGKPVGRNW,0,3,1,0,0,TGKDPVGRNW,9.3866,ASSTSLSDLQSSRTPGVWKAEAEDTSKDPVGRNWCPYPMSKLVTLLALCKT,ASSTSLSDLQSSRTPGVWKAEAEDTGKDPVGRNWCPYPMSKLVTLLALCKT,seq_93,HLA-B5701,0,TSKDPVGRNW,TSKPVGRNW,TSKDPVGRNW,0.0479,0,TGKDPVGRNW,TGDPVGRNW,TGKDPVGRNW,0.4278,0.968758,0.0312419999999999,substitution,"1,8",1,11,True,"1,2",Conserved,8.931106471816285,2,0,2,-1,0,0.008187,PVGRNW,4,0.001,0.29383,0,0,0,0,PVGRNW,0.3,3,1.3349,0.11276734850294338
