Peptide,HLA,agg_label,total_count,percentage_pos,len
AAGIGILTV,HLA-A*02:01,1,14,0.9285714285714286,9
ADVEFCLSL,HLA-B*44:03,1,2,0.5,9
AEHSLQVAY,HLA-B*44:03,1,2,1.0,9
AGQHIAKSLF,HLA-B*44:02,1,2,0.5,10
AIDAALTFV,HLA-A*02:01,1,2,0.5,9
AIKESPKANK,HLA-A*11:01,1,3,0.6666666666666666,10
AIKTSPKANK,HLA-A*03:01,1,4,0.75,10
AILALLPAL,HLA-A*02:01,1,2,1.0,9
AIMPSSPPL,HLA-B*15:01,1,2,0.5,9
ALDPHSGHFV,HLA-A*02:01,1,2,0.5,10
ALDVYNGLL,HLA-A*02:01,1,1,1.0,9
ALEPGPVTA,HLA-A*02:01,1,2,0.5,9
ALFDIESKV,HLA-A*02:01,1,3,1.0,9
ALIHHNTYL,HLA-A*02:01,1,8,1.0,9
ALIRFLQQL,HLA-A*02:01,1,1,1.0,9
ALIRILQQL,HLA-A*02:01,1,1,1.0,9
ALIRMLQQL,HLA-A*02:01,1,1,1.0,9
ALIRWLQQL,HLA-A*02:01,1,1,1.0,9
ALIRYLQQL,HLA-A*02:01,1,1,1.0,9
ALLAGLVSLL,HLA-A*02:01,1,2,0.5,10
ALLMAGLAL,HLA-A*02:01,1,5,0.8,9
ALLPALGLL,HLA-A*02:01,1,2,0.5,9
ALLPALGLLL,HLA-A*02:01,1,2,0.5,10
ALNFPGSQK,HLA-A*11:01,1,2,1.0,9
ALNSEALSV,HLA-A*02:01,1,1,1.0,9
ALNSEALSVV,HLA-A*02:01,1,1,1.0,10
ALQPAAAIL,HLA-A*02:01,1,1,1.0,9
ALQPGTALL,HLA-A*02:01,1,3,0.6666666666666666,9
ALSYLVSFQR,HLA-A*11:02,1,2,1.0,10
ALSYLVSFQT,HLA-A*11:02,1,1,1.0,10
ALYDGMEHL,HLA-A*02:01,1,1,1.0,9
ALYGFVPVL,HLA-A*02:01,1,3,1.0,9
AMLDLLKSV,HLA-A*02:01,1,1,1.0,9
AMLGTHTMEV,HLA-A*02:01,1,2,0.5,10
AMPFSIFYPM,HLA-A*02:01,1,1,1.0,10
APARLERRHSA,HLA-B*07:02,1,2,1.0,11
AQCPDVLV,HLA-A*02:06,1,1,1.0,8
ASILAYLVV,HLA-C*15:02,1,1,1.0,9
ASMPSSPPL,HLA-B*15:01,1,3,0.6666666666666666,9
ASSYISPEK,HLA-A*25:01,1,2,0.5,9
ATSPASASK,HLA-A*11:01,1,1,1.0,9
AVEEVSLRK,HLA-A*11:01,1,5,0.6,9
AVIKIRFFK,HLA-A*25:01,1,2,0.5,9
AVMRWGMPL,HLA-A*02:01,1,1,1.0,9
AVMRWGMPP,HLA-A*02:01,1,1,1.0,9
AVYHEIHIGYL,HLA-A*02:05,1,1,1.0,11
AYDFLYNYL,HLA-A*24:02,1,2,1.0,9
AYIDFEMKI,HLA-A*24:02,1,6,0.6666666666666666,9
AYINADSSI,HLA-A*24:02,1,2,1.0,9
AYLEAIHDF,HLA-A*24:02,1,1,1.0,9
AYLEAIHKF,HLA-A*24:02,1,1,1.0,9
AYLEAIHNF,HLA-A*24:02,1,1,1.0,9
AYLEAIHYF,HLA-A*24:02,1,1,1.0,9
AYRDLQTRK,HLA-A*30:01,1,1,1.0,9
CISSCNPNL,HLA-A*02:01,1,1,1.0,9
CLAVEEVSL,HLA-A*02:01,1,6,1.0,9
CLGQLSNA,HLA-A*02:01,1,1,1.0,8
CLWGRLWQL,HLA-A*02:01,1,6,1.0,9
CLYDGMEHL,HLA-A*02:01,1,1,1.0,9
CMLGTYTQDF,HLA-A*02:01,1,3,1.0,10
CMTWNQMNL,HLA-A*24:02,1,1,1.0,9
CMWGRLWQL,HLA-A*02:01,1,7,1.0,9
CQWGRLWQL,HLA-A*02:01,1,5,1.0,9
CTIAVVNFL,HLA-A*68:02,1,1,1.0,9
CVDDSQDYYV,HLA-A*02:01,1,2,1.0,10
CVRVSGQGL,HLA-B*07:02,1,1,1.0,9
CYASGWGSI,HLA-A*24:02,1,2,1.0,9
CYMEALAL,HLA-C*14:03,1,2,0.5,8
CYMEAVAL,HLA-C*14:03,1,6,0.8333333333333334,8
DANSFLQSV,HLA-B*51:01,1,1,1.0,9
DDIYPIDFY,HLA-A*25:01,1,2,0.5,9
DENITTIQF,HLA-B*18:01,1,1,1.0,9
DEVFGSSRL,HLA-B*40:01,1,2,0.5,9
DFEVFFQRL,HLA-A*24:02,1,2,0.5,9
DFMIQGGDF,HLA-A*24:02,1,2,0.5,9
DHYAYSYYL,HLA-C*06:02,1,4,0.5,9
DHYAYSYYP,HLA-B*51:01,1,2,1.0,9
DLDLKGPKV,HLA-A*02:01,1,2,1.0,9
DLYDGMEHL,HLA-A*02:01,1,1,1.0,9
DMKARQKALV,HLA-B*08:01,1,1,1.0,10
DTVEYPYTSF,HLA-A*26:01,1,1,1.0,10
DYLRSVLEDF,HLA-A*24:02,1,8,0.5,10
DYMIHIIEKW,HLA-B*27:05,1,2,0.5,10
DYSARWNEI,HLA-A*24:02,1,4,0.5,9
DYYVGKKNI,HLA-A*24:02,1,1,1.0,9
EAAGIGILTV,HLA-A*02:01,1,14,0.8571428571428571,10
EADPTGHSY,HLA-A*01:01,1,2,1.0,9
EEAAGIGIL,HLA-B*18:01,1,2,1.0,9
EEMEPLPVM,HLA-B*44:03,1,1,1.0,9
EFTVSGNIL,HLA-B*40:01,1,2,1.0,9
EKTSSGLYVFR,HLA-A*31:01,1,2,0.5,11
ELAGIGILTV,HLA-A*02:01,1,20,1.0,10
ELYDGMEHL,HLA-A*02:01,1,1,1.0,9
ERIPLPPHLC,HLA-C*06:02,1,1,1.0,10
ESITGSLGPLL,HLA-B*40:01,1,2,1.0,11
ESLFRAVITK,HLA-A*11:01,1,2,0.5,10
EVADAATLTM,HLA-A*26:01,1,1,1.0,10
EVDPIGHLY,HLA-A*01:01,1,3,0.6666666666666666,9
EVLPFFLFF,HLA-A*29:02,1,2,0.5,9
EYCLKFTKL,HLA-A*24:02,1,2,1.0,9
EYILSLEEL,HLA-A*24:02,1,2,1.0,9
EYYSKNLNSF,HLA-A*24:02,1,1,1.0,10
FAIADTAYV,HLA-A*02:01,1,2,0.5,9
FARAHALMF,HLA-B*15:01,1,1,1.0,9
FARAHPLMF,HLA-B*15:01,1,1,1.0,9
FATGIGIITV,HLA-A*02:01,1,11,0.8181818181818182,10
FEDKSVAYT,HLA-C*05:01,1,1,1.0,9
FFYLLDFTF,HLA-A*29:02,1,1,1.0,9
FGLLGNILLVI,HLA-A*02:24,1,1,1.0,11
FICAIIVVV,HLA-B*27:05,1,2,0.5,9
FISEYCGEI,HLA-A*02:05,1,1,1.0,9
FLAEHEYGL,HLA-A*02:01,1,3,1.0,9
FLALSILVL,HLA-A*02:01,1,3,1.0,9
FLAPLFLVLL,HLA-A*02:01,1,2,0.5,10
FLFYPLDFT,HLA-A*02:01,1,2,0.5,9
FLGAGLFLYF,HLA-B*27:05,1,2,0.5,10
FLGPWPAAS,HLA-A*02:01,1,5,1.0,9
FLGYLILGV,HLA-A*02:01,1,3,1.0,9
FLIYLDVSV,HLA-A*02:01,1,4,1.0,9
FLLDEAIGL,HLA-A*02:01,1,2,0.5,9
FLLDSCTKL,HLA-A*02:01,1,1,1.0,9
FLLPSGMAL,HLA-C*03:04,1,1,1.0,9
FLPWHRLFL,HLA-A*02:01,1,3,0.6666666666666666,9
FLQEVNVCGV,HLA-A*02:03,1,1,1.0,10
FLRGRAYGL,HLA-A*80:01,1,1,1.0,9
FLRNFSLML,HLA-A*02:01,1,1,1.0,9
FLRNFSLMV,HLA-A*02:01,1,1,1.0,9
FLSDHLYLV,HLA-A*02:01,1,11,0.6363636363636364,9
FLTAHSLPL,HLA-A*02:01,1,2,0.5,9
FLTGIGIITV,HLA-A*02:01,1,8,1.0,10
FLYDGMEHL,HLA-A*02:01,1,1,1.0,9
FLYPFLSHL,HLA-A*02:01,1,1,1.0,9
FMFVNSLLL,HLA-A*02:01,1,1,1.0,9
FMPDFDLHL,HLA-A*02:01,1,8,1.0,9
FPKKIQMLA,HLA-B*56:01,1,1,1.0,9
FPQGLPNEY,HLA-B*35:01,1,1,1.0,9
FPSLREAAL,HLA-B*07:02,1,2,0.5,9
FQDSVRTT,HLA-A*02:06,1,2,0.5,8
FQDYIKSYL,HLA-C*05:01,1,2,1.0,9
FQETHLPI,HLA-B*39:01,1,4,0.75,8
FTLMYEERAV,HLA-A*02:01,1,2,0.5,10
FVFLRNFSL,HLA-A*02:01,1,1,1.0,9
FVGEFFTDV,HLA-A*02:01,1,1,1.0,9
FVSTSDIKSM,HLA-C*03:04,1,2,0.5,10
FVTETPLEG,HLA-A*02:01,1,2,1.0,9
FVTETPLEV,HLA-A*02:01,1,2,0.5,9
FVVPYMIYLL,HLA-C*03:03,1,1,1.0,10
FWYTHNLIF,HLA-C*14:03,1,4,0.75,9
FYDPMFKYHL,HLA-A*24:02,1,2,0.5,10
FYGKTILWF,HLA-A*24:02,1,2,0.5,9
FYNDIILMV,HLA-C*06:02,1,1,1.0,9
GAQSWLWFV,HLA-A*02:11,1,4,0.5,9
GAYDGMEHL,HLA-A*02:01,1,1,1.0,9
GCYDGMEHL,HLA-A*02:01,1,1,1.0,9
GEEDGAGGHSL,HLA-B*44:02,1,1,1.0,11
GFYDGMEHL,HLA-A*02:01,1,1,1.0,9
GGYDGMEHL,HLA-A*02:01,1,1,1.0,9
GIYDGMEHL,HLA-A*02:01,1,1,1.0,9
GLDGAVDMG,HLA-A*02:01,1,4,0.5,9
GLEPTTMV,HLA-A*02:01,1,1,1.0,8
GLFDGMEHL,HLA-A*02:01,1,2,0.5,9
GLGKGTYGV,HLA-A*02:01,1,1,1.0,9
GLGPGFSSY,HLA-B*15:01,1,2,1.0,9
GLLDEDFYA,HLA-A*02:01,1,1,1.0,9
GLLNSIWPL,HLA-A*02:01,1,1,1.0,9
GLLVHPQWV,HLA-A*02:01,1,2,1.0,9
GLQLGVQAV,HLA-A*02:01,1,1,1.0,9
GLYCGMEHL,HLA-A*02:01,1,1,1.0,9
GLYDAMEHL,HLA-A*02:01,1,1,1.0,9
GLYDGAEHL,HLA-A*02:01,1,2,0.5,9
GLYDGGEHL,HLA-A*02:01,1,2,0.5,9
GLYDGLEHL,HLA-A*02:01,1,2,0.5,9
GLYDGMEAL,HLA-A*02:01,1,2,0.5,9
GLYDGMECL,HLA-A*02:01,1,1,1.0,9
GLYDGMEFL,HLA-A*02:01,1,1,1.0,9
GLYDGMEGL,HLA-A*02:01,1,2,0.5,9
GLYDGMEHA,HLA-A*02:01,1,2,0.5,9
GLYDGMEHC,HLA-A*02:01,1,1,1.0,9
GLYDGMEHF,HLA-A*02:01,1,1,1.0,9
GLYDGMEHI,HLA-A*02:01,1,1,1.0,9
GLYDGMEHL,HLA-A*02:01,1,3,1.0,9
GLYDGMEHM,HLA-A*02:01,1,1,1.0,9
GLYDGMEHQ,HLA-A*02:01,1,2,0.5,9
GLYDGMEHS,HLA-A*02:01,1,2,0.5,9
GLYDGMEHT,HLA-A*02:01,1,1,1.0,9
GLYDGMEHV,HLA-A*02:01,1,1,1.0,9
GLYDGMEIL,HLA-A*02:01,1,1,1.0,9
GLYDGMELL,HLA-A*02:01,1,1,1.0,9
GLYDGMEML,HLA-A*02:01,1,1,1.0,9
GLYDGMENL,HLA-A*02:01,1,2,0.5,9
GLYDGMEPL,HLA-A*02:01,1,2,0.5,9
GLYDGMEQL,HLA-A*02:01,1,1,1.0,9
GLYDGMERL,HLA-A*02:01,1,1,1.0,9
GLYDGMESL,HLA-A*02:01,1,2,0.5,9
GLYDGMETL,HLA-A*02:01,1,2,0.5,9
GLYDGMEVL,HLA-A*02:01,1,1,1.0,9
GLYDGMEYL,HLA-A*02:01,1,1,1.0,9
GLYDGMQHL,HLA-A*02:01,1,1,1.0,9
GLYDGMVHL,HLA-A*02:01,1,2,0.5,9
GLYDGPEHL,HLA-A*02:01,1,1,1.0,9
GLYDHMEHL,HLA-A*02:01,1,2,0.5,9
GLYDIMEHL,HLA-A*02:01,1,2,0.5,9
GLYDLMEHL,HLA-A*02:01,1,1,1.0,9
GLYDPMEHL,HLA-A*02:01,1,1,1.0,9
GLYDSMEHL,HLA-A*02:01,1,1,1.0,9
GLYDTMEHL,HLA-A*02:01,1,1,1.0,9
GLYMGMEHL,HLA-A*02:01,1,1,1.0,9
GLYNGMEHL,HLA-A*02:01,1,2,0.5,9
GLYVFRNER,HLA-A*31:01,1,2,0.5,9
GMMRWCMPV,HLA-A*02:01,1,1,1.0,9
GMYDGMEHL,HLA-A*02:01,1,1,1.0,9
GNYDGMEHL,HLA-A*02:01,1,1,1.0,9
GPWGFSHGA,HLA-B*27:05,1,1,1.0,9
GQFLTPNSH,HLA-B*15:01,1,1,1.0,9
GQWGFSHGA,HLA-B*27:05,1,1,1.0,9
GQYDGMEHL,HLA-A*02:01,1,1,1.0,9
GRIAFFLKY,HLA-B*27:05,1,2,0.5,9
GRKLFGTHF,HLA-B*27:05,1,3,0.6666666666666666,9
GRKLFGTPF,HLA-B*27:05,1,2,0.5,9
GSILAYLVV,HLA-C*15:02,1,1,1.0,9
GSYDGMEHL,HLA-A*02:01,1,1,1.0,9
GTAAIQAHYK,HLA-A*03:01,1,2,0.5,10
GTKKDVDVLK,HLA-A*03:01,1,2,0.5,10
GTYDGMEHL,HLA-A*02:01,1,1,1.0,9
GVADVLLYR,HLA-A*11:01,1,1,1.0,9
GVYDGEEHSV,HLA-A*02:01,1,2,0.5,10
GVYDGMEHL,HLA-A*02:01,1,1,1.0,9
GYYDAQKLL,HLA-A*24:02,1,2,0.5,9
HDLGRLHSC,HLA-B*37:01,1,2,1.0,9
HEIHIGYL,HLA-B*40:01,1,1,1.0,8
HEIHIGYLEY,HLA-B*40:01,1,1,1.0,10
HEIHIGYLEYV,HLA-B*40:01,1,1,1.0,11
HESRTNTAI,HLA-B*40:01,1,2,1.0,9
HESRTNTAIL,HLA-B*40:01,1,3,0.6666666666666666,10
HIAKSLFEV,HLA-A*02:01,1,3,0.6666666666666666,9
HIHCLNPPL,HLA-A*02:01,1,1,1.0,9
HIHCVNPPL,HLA-A*02:01,1,1,1.0,9
HLLSVEYQI,HLA-A*02:01,1,2,0.5,9
HLNGLLREA,HLA-A*02:01,1,2,0.5,9
HLNGLLREV,HLA-A*02:01,1,2,0.5,9
HLYDGMEHL,HLA-A*02:01,1,1,1.0,9
HMTEVVRHC,HLA-A*02:01,1,3,1.0,9
HQNPVTGLLL,HLA-B*38:01,1,1,1.0,10
HRRGSRSYV,HLA-C*06:02,1,2,1.0,9
HSCVMASLR,HLA-A*68:01,1,1,1.0,9
HSVSSAFKK,HLA-A*03:01,1,1,1.0,9
HVKITDFGR,HLA-A*31:01,1,4,0.5,9
HVKITDFGRAK,HLA-A*11:01,1,3,0.6666666666666666,11
HYRKWIKDTI,HLA-A*24:02,1,2,1.0,10
HYTNASDGL,HLA-A*24:02,1,4,0.5,9
IAMAVLYLA,HLA-A*02:01,1,1,1.0,9
IFQEMFDKHYK,HLA-A*33:01,1,2,0.5,11
IFVELVNAL,HLA-A*24:02,1,1,1.0,9
IHSTAQIIL,HLA-B*39:01,1,1,1.0,9
IHYTAQIIL,HLA-B*39:01,1,4,0.5,9
IIDDRNREL,HLA-A*02:01,1,2,0.5,9
ILCETCLIV,HLA-A*02:01,1,1,1.0,9
ILDKVLVHL,HLA-A*02:01,1,2,1.0,9
ILEYLTAEV,HLA-A*02:01,1,1,1.0,9
ILMHGLVSL,HLA-A*02:01,1,1,1.0,9
ILTGLNYEV,HLA-A*02:01,1,1,1.0,9
ILWIFSIYL,HLA-A*02:01,1,2,1.0,9
ILYDGMEHL,HLA-A*02:01,1,1,1.0,9
IMDQVPFSV,HLA-A*02:01,1,4,0.75,9
IMLEGETKL,HLA-A*02:01,1,1,1.0,9
IMQTLAGELY,HLA-A*29:02,1,1,1.0,10
IMRTYTYEI,HLA-A*02:01,1,1,1.0,9
IMRTYTYEK,HLA-A*02:01,1,1,1.0,9
IPINPRRCL,HLA-B*07:02,1,2,0.5,9
IPLSDNTIF,HLA-B*35:01,1,1,1.0,9
IPVAIKTSPK,HLA-A*11:01,1,4,0.75,10
ISLNNAVIEL,HLA-C*15:02,1,1,1.0,10
ISSNNAVIEL,HLA-C*15:02,1,1,1.0,10
ITDFGRAKL,HLA-C*04:01,1,4,0.75,9
ITDQVPFSV,HLA-A*02:01,1,7,0.8571428571428571,9
ITKKVADLVGF,HLA-B*57:01,1,2,1.0,11
ITSAIGILPV,HLA-A*02:01,1,1,1.0,10
ITSAIGVLFV,HLA-A*02:01,1,1,1.0,10
ITSAIGVLPI,HLA-A*02:01,1,1,1.0,10
ITSAIGVLPV,HLA-A*02:01,1,1,1.0,10
ITSGIGVLPV,HLA-A*02:01,1,1,1.0,10
IYKAPCENW,HLA-A*24:02,1,2,1.0,9
KAQVSNEDCL,HLA-A*24:02,1,1,1.0,10
KARLPVGAY,HLA-A*03:01,1,2,0.5,9
KASEKIFYV,HLA-A*02:01,1,2,1.0,9
KELLKHPFTL,HLA-A*02:01,1,2,0.5,10
KHGDVITII,HLA-A*02:01,1,2,1.0,9
KIFGSLAFL,HLA-A*02:01,1,2,1.0,9
KIFSEVTLK,HLA-A*03:01,1,1,1.0,9
KILDAVVAQK,HLA-A*03:01,1,1,1.0,10
KITDFGRAK,HLA-A*11:01,1,4,1.0,9
KLGDVITII,HLA-A*02:01,1,2,0.5,9
KLILWRGLK,HLA-A*03:01,1,2,0.5,9
KLKAIPTTL,HLA-A*02:01,1,2,0.5,9
KLKFVTLVF,HLA-A*24:02,1,2,1.0,9
KLVVVGADGV,HLA-A*02:03,1,1,1.0,10
KLVVVGAVGV,HLA-A*02:01,1,3,0.6666666666666666,10
KLYDGMEHL,HLA-A*02:01,1,1,1.0,9
KPFCVLISL,HLA-B*07:02,1,2,0.5,9
KPSDTPRPVM,HLA-B*07:02,1,2,0.5,10
KQHGFASI,HLA-A*02:06,1,2,0.5,8
KQWLVWLFL,HLA-A*02:06,1,5,0.8,9
KQWLVWLLL,HLA-A*02:06,1,3,0.6666666666666666,9
KRIPLPPHLC,HLA-C*06:02,1,2,0.5,10
KRPIPIKYKAM,HLA-B*07:02,1,1,1.0,11
KRRWSALVI,HLA-B*27:02,1,1,1.0,9
KSPNPSTPC,HLA-C*01:02,1,1,1.0,9
KSQREFVRR,HLA-A*31:01,1,3,0.6666666666666666,9
KTWGQYWQV,HLA-A*02:01,1,2,1.0,9
KTYQVSYGFR,HLA-A*31:01,1,2,0.5,10
KVDPIGHVY,HLA-A*30:02,1,1,1.0,9
KVETYKEQPL,HLA-A*24:02,1,2,1.0,10
KVFRGNKVK,HLA-A*11:01,1,2,0.5,9
KVYEGVWKK,HLA-A*03:01,1,6,0.6666666666666666,9
KYADKIYSI,HLA-A*24:02,1,2,0.5,9
KYAGESFPGI,HLA-A*24:02,1,2,1.0,10
KYDCFLHPF,HLA-A*24:02,1,1,1.0,9
KYKELTEQQL,HLA-A*24:02,1,1,1.0,10
KYVGIEREM,HLA-A*24:02,1,1,1.0,9
LDYEWGTVTF,HLA-B*15:01,1,2,0.5,10
LFRIKFKEPL,HLA-B*08:01,1,1,1.0,10
LFSTAEAAV,HLA-A*02:01,1,2,0.5,9
LIDDYGVEEV,HLA-A*02:06,1,2,0.5,10
LIMQLMPFGCL,HLA-A*02:01,1,3,1.0,11
LLAALVQDYL,HLA-A*02:01,1,3,1.0,10
LLALAAGLAV,HLA-A*02:01,1,1,1.0,10
LLALLMAGL,HLA-A*02:01,1,3,0.6666666666666666,9
LLALLPALGL,HLA-A*02:01,1,2,1.0,10
LLAPGGNSM,HLA-A*02:01,1,2,0.5,9
LLAVLYCLL,HLA-A*02:01,1,2,0.5,9
LLCYSCKAQV,HLA-A*02:01,1,3,1.0,10
LLDVAPLSL,HLA-A*02:01,1,1,1.0,9
LLFGYPVYV,HLA-A*02:01,1,3,1.0,9
LLGCVMYTLL,HLA-A*02:11,1,2,0.5,10
LLHETDSAV,HLA-A*02:01,1,3,0.6666666666666666,9
LLKAELVAGL,HLA-A*02:03,1,1,1.0,10
LLKHPFTLM,HLA-A*30:01,1,2,0.5,9
LLLLDVAPL,HLA-A*02:01,1,1,1.0,9
LLLSAEPVPA,HLA-A*02:01,1,1,1.0,10
LLLWGPGQL,HLA-A*02:01,1,2,0.5,9
LLPALGLLL,HLA-A*02:01,1,2,0.5,9
LLQERGVAYI,HLA-A*02:01,1,1,1.0,10
LLWSFQTSA,HLA-A*02:01,1,2,0.5,9
LLYDGMEHL,HLA-A*02:01,1,1,1.0,9
LLYQELLPL,HLA-A*02:01,1,1,1.0,9
LMGDKSENV,HLA-A*02:01,1,1,1.0,9
LMLGEFLKL,HLA-A*02:01,1,1,1.0,9
LMRDHMPPV,HLA-A*02:03,1,1,1.0,9
LPNEYAFVT,HLA-B*35:01,1,1,1.0,9
LPNEYAFVTT,HLA-B*35:01,1,1,1.0,10
LQIEEEYQV,HLA-A*02:01,1,1,1.0,9
LRAAFFGKCF,HLA-B*27:05,1,1,1.0,10
LRILKVTEFK,HLA-A*11:01,1,2,0.5,10
LRSEGSPLV,HLA-A*02:01,1,4,0.75,9
LRTKVYAEL,HLA-B*27:05,1,1,1.0,9
LSEKLERI,HLA-A*02:01,1,1,1.0,8
LTLLGTLWGA,HLA-A*02:01,1,1,1.0,10
LTSAIGVLPV,HLA-A*02:01,1,1,1.0,10
LTSTVQLIM,HLA-B*35:01,1,5,0.6,9
LVLAGGFFL,HLA-A*02:01,1,1,1.0,9
LVRRTLLHA,HLA-C*15:02,1,1,1.0,9
LVRRTLLHV,HLA-C*15:02,1,2,0.5,9
LYCESVHNF,HLA-A*24:02,1,2,0.5,9
LYNFTQIPHL,HLA-A*24:02,1,2,0.5,10
LYNGMEHLI,HLA-A*24:02,1,1,1.0,9
LYPEFIASI,HLA-A*24:02,1,3,1.0,9
MALNSEALSV,HLA-A*02:01,1,1,1.0,10
MCQWGRLWQL,HLA-A*02:01,1,7,1.0,10
MEIFIEVFSHF,HLA-B*44:03,1,2,1.0,11
MEVDPIGHLY,HLA-B*18:01,1,4,1.0,10
MIMQGGFSV,HLA-A*02:01,1,1,1.0,9
MLGTHTMEV,HLA-A*02:01,1,2,0.5,9
MLICCCCTL,HLA-A*02:10,1,1,1.0,9
MLIGIPVYV,HLA-A*02:01,1,1,1.0,9
MLYDGMEHL,HLA-A*02:01,1,1,1.0,9
MPIEPGDIGC,HLA-B*35:01,1,1,1.0,10
MQLMPFGCLL,HLA-A*02:01,1,4,1.0,10
MQLMPFGSLL,HLA-A*02:01,1,3,0.6666666666666666,10
MRMNQGVCC,HLA-B*39:06,1,2,1.0,9
MTSAIGILPV,HLA-A*02:01,1,2,1.0,10
MTSAIGVLPV,HLA-A*02:01,1,1,1.0,10
MVIGIPVYV,HLA-A*02:01,1,1,1.0,9
MWVPVVFLTL,HLA-A*24:02,1,2,0.5,10
NISEDVIFF,HLA-A*25:01,1,2,0.5,9
NLVPFVATV,HLA-A*02:01,1,1,1.0,9
NLVPGVATV,HLA-A*02:01,1,1,1.0,9
NLVPHVATV,HLA-A*02:01,1,1,1.0,9
NLVPIVATV,HLA-A*02:01,1,1,1.0,9
NLVPMVATV,HLA-A*02:01,1,1,1.0,9
NLVPNVATV,HLA-A*02:01,1,1,1.0,9
NLVPPVATV,HLA-A*02:01,1,1,1.0,9
NLVPQVATV,HLA-A*02:01,1,1,1.0,9
NLVPRVATV,HLA-A*02:01,1,1,1.0,9
NLVPSVATV,HLA-A*02:01,1,1,1.0,9
NLVPTVATV,HLA-A*02:01,1,1,1.0,9
NLVPVVATV,HLA-A*02:01,1,1,1.0,9
NLVPWVATV,HLA-A*02:01,1,1,1.0,9
NLVPYVATV,HLA-A*02:01,1,1,1.0,9
NLYDGMEHL,HLA-A*02:01,1,1,1.0,9
NTVILETLK,HLA-A*11:02,1,1,1.0,9
NYARTEDFF,HLA-A*24:02,1,2,0.5,9
PLTEYIQPV,HLA-A*02:01,1,1,1.0,9
PLYDGMEHL,HLA-A*02:01,1,1,1.0,9
PSDTRQMLFY,HLA-A*01:01,1,3,1.0,10
PVKNLPQM,HLA-B*51:01,1,1,1.0,8
PVKNLPQV,HLA-B*51:01,1,2,0.5,8
QCEEVARVL,HLA-B*35:03,1,1,1.0,9
QDVSVQVER,HLA-A*68:01,1,2,0.5,9
QEECLWMAV,HLA-B*40:02,1,2,0.5,9
QIIHTYSNTV,HLA-A*02:06,1,2,0.5,10
QKRPIPIKYKAM,HLA-B*07:02,1,1,1.0,12
QKTYQVSYGFR,HLA-A*31:01,1,2,0.5,11
QLCDVMFYL,HLA-A*02:01,1,4,1.0,9
QLGEQCWTA,HLA-A*02:01,1,2,1.0,9
QLLNSVLTL,HLA-A*02:01,1,1,1.0,9
QLQKANVLL,HLA-A*02:01,1,2,0.5,9
QLWQFLLEL,HLA-A*02:01,1,2,1.0,9
QLYDGMEHL,HLA-A*02:01,1,1,1.0,9
QMVEASLSV,HLA-A*02:01,1,2,1.0,9
QPEWFRNVL,HLA-B*07:02,1,1,1.0,9
QPSGIILDY,HLA-B*35:01,1,1,1.0,9
QSLFWSIFV,HLA-A*69:01,1,1,1.0,9
QTNPVTLQY,HLA-A*29:02,1,2,1.0,9
QTSAIGILPV,HLA-A*02:01,1,1,1.0,10
QTSAIGVLPV,HLA-A*02:01,1,1,1.0,10
QYDPVAALF,HLA-A*24:02,1,1,1.0,9
QYSWFVNGTF,HLA-A*24:02,1,1,1.0,10
RAKLLGAEEK,HLA-A*31:01,1,1,1.0,10
RATVAPRSL,HLA-C*03:03,1,1,1.0,9
RAVSEHQLL,HLA-A*24:02,1,2,1.0,9
REEKIHDLAL,HLA-B*40:01,1,1,1.0,10
REFDKIELAY,HLA-B*41:02,1,1,1.0,10
RFLEYLPLRF,HLA-A*24:02,1,1,1.0,10
RHDLPPYRVYL,HLA-B*38:01,1,1,1.0,11
RILKVTEFK,HLA-A*11:01,1,2,0.5,9
RIRAVGLLTV,HLA-A*02:01,1,1,1.0,10
RIWSWLLGA,HLA-A*02:01,1,2,0.5,9
RLARLALVL,HLA-A*02:01,1,4,1.0,9
RLDAVLMEV,HLA-A*02:01,1,1,1.0,9
RLDPRMSTLQK,HLA-A*11:01,1,2,0.5,11
RLFLGLAIK,HLA-A*03:01,1,2,0.5,9
RLPRIFCSC,HLA-A*02:01,1,1,1.0,9
RLRKRNEYR,HLA-A*31:01,1,1,1.0,9
RLYDGMEHL,HLA-A*02:01,1,1,1.0,9
RMPTVLQCV,HLA-A*02:01,1,2,1.0,9
RPHHDQRSL,HLA-B*07:02,1,2,0.5,9
RPHVPESAF,HLA-B*07:02,1,1,1.0,9
RPIPIKYKA,HLA-B*07:02,1,1,1.0,9
RPIPIKYKAM,HLA-B*07:02,1,5,0.6,10
RPPIFIRRL,HLA-B*07:02,1,1,1.0,9
RPPITQSSL,HLA-B*07:02,1,1,1.0,9
RPRCLCTAV,HLA-B*07:02,1,2,0.5,9
RSVEGLSRRL,HLA-A*24:02,1,2,1.0,10
RTAVYHEIHI,HLA-B*57:01,1,2,1.0,10
RTNTAILETL,HLA-C*03:04,1,1,1.0,10
RTNTGILETLK,HLA-A*03:02,1,2,0.5,11
RTNTVILETLK,HLA-A*11:02,1,1,1.0,11
RTQDAEFLK,HLA-A*11:01,1,3,0.6666666666666666,9
RTSSTQQDNPK,HLA-A*11:01,1,2,1.0,11
RTSSTQQDNPQ,HLA-A*11:01,1,1,1.0,11
RVCGPCSTY,HLA-A*29:02,1,1,1.0,9
RVRFFFPSL,HLA-B*07:02,1,2,1.0,9
RVRVMAIYK,HLA-A*11:01,1,2,0.5,9
RVSTLRVSL,HLA-B*07:02,1,1,1.0,9
RVYISYLDCI,HLA-A*30:01,1,2,1.0,10
RYCNLEGPPI,HLA-A*24:02,1,1,1.0,10
RYGSFSVTL,HLA-C*07:01,1,2,1.0,9
RYLTQETNKV,HLA-A*24:02,1,2,1.0,10
RYYVGHKAKF,HLA-A*24:02,1,6,0.5,10
SACDVSVRV,HLA-C*05:01,1,2,1.0,9
SACDVSVRVV,HLA-C*05:01,1,2,1.0,10
SADVEFCLSL,HLA-B*44:03,1,2,0.5,10
SAFRCFIVY,HLA-B*15:01,1,2,1.0,9
SCMGGMNWR,HLA-A*68:01,1,1,1.0,9
SCSRAVPQV,HLA-A*02:01,1,1,1.0,9
SEHGFGPSL,HLA-B*40:01,1,1,1.0,9
SEIISFKSL,HLA-B*40:01,1,1,1.0,9
SEIWRDIDF,HLA-B*44:03,1,2,0.5,9
SHETVIIEL,HLA-B*38:01,1,1,1.0,9
SILEQMHRK,HLA-A*11:01,1,4,0.5,9
SISCHVFCL,HLA-A*02:06,1,2,1.0,9
SLADTNSLAVV,HLA-A*02:01,1,2,0.5,11
SLLMWITQC,HLA-A*02:01,1,25,0.96,9
SLLMWITQV,HLA-A*02:01,1,7,1.0,9
SLLSGDWVL,HLA-A*02:01,1,1,1.0,9
SLMEQIPHL,HLA-A*02:01,1,1,1.0,9
SLPMKNFPV,HLA-A*02:01,1,1,1.0,9
SLSKILDTV,HLA-A*02:01,1,1,1.0,9
SLYDGMEHL,HLA-A*02:01,1,1,1.0,9
SLYDLDIEA,HLA-A*02:01,1,1,1.0,9
SMACVGFFL,HLA-A*02:01,1,2,0.5,9
SMYLPGAEV,HLA-A*02:01,1,2,0.5,9
SRTNTAILETL,HLA-B*40:01,1,1,1.0,11
SRTNTAILEV,HLA-C*06:02,1,1,1.0,10
SSAAAPFPL,HLA-C*03:04,1,2,0.5,9
SSEDDGFFLGE,HLA-A*11:01,1,1,1.0,11
SSEDDGFFLGK,HLA-A*11:01,1,2,0.5,11
SSEIISFKSL,HLA-B*40:01,1,1,1.0,10
SSYTGFANK,HLA-A*11:01,1,6,0.5,9
STPLPGTRVR,HLA-A*11:01,1,2,0.5,10
STVQLIMQL,HLA-C*15:02,1,3,0.6666666666666666,9
SVLENFTIFL,HLA-A*02:01,1,1,1.0,10
SVLWLGALGL,HLA-A*02:01,1,1,1.0,10
SYMIMEIEL,HLA-C*14:02,1,1,1.0,9
SYTRLFLIL,HLA-A*24:02,1,2,0.5,9
TEDEHFEFY,HLA-B*44:03,1,1,1.0,9
TIGVDFALK,HLA-A*25:01,1,2,0.5,9
TLAEDLNLL,HLA-A*02:01,1,2,0.5,9
TLDEKVAEL,HLA-A*02:01,1,2,0.5,9
TLDWLLQTPK,HLA-A*03:01,1,1,1.0,10
TLFSALWAL,HLA-A*02:06,1,2,1.0,9
TLMSAMTNL,HLA-A*02:01,1,1,1.0,9
TLWCSPIKV,HLA-A*02:01,1,6,1.0,9
TLYDGMEHL,HLA-A*02:01,1,1,1.0,9
TLYSLTLLY,HLA-A*29:02,1,2,1.0,9
TMLARLASA,HLA-A*02:01,1,2,0.5,9
TMSLYDLDIEA,HLA-A*02:01,1,1,1.0,11
TPLPGTRVRA,HLA-B*54:01,1,2,0.5,10
TPRVTGGGAM,HLA-B*07:02,1,3,1.0,10
TPTDVTARHL,HLA-B*35:01,1,1,1.0,10
TPTVPSSSF,HLA-B*35:01,1,1,1.0,9
TQLMPFGCLL,HLA-A*02:01,1,2,1.0,10
TQLMPFGSLL,HLA-A*02:01,1,1,1.0,10
TSAEDLNLL,HLA-A*02:01,1,2,0.5,9
TSDYLSQSY,HLA-A*01:01,1,2,0.5,9
TSIANLPKL,HLA-A*02:01,1,4,0.5,9
TVAELVQFL,HLA-C*06:02,1,1,1.0,9
TYACFVSNL,HLA-A*24:02,1,1,1.0,9
TYLPSAWNF,HLA-A*24:02,1,2,1.0,9
TYLPSAWNFF,HLA-A*24:02,1,1,1.0,10
TYSVSFDSL,HLA-A*24:02,1,2,1.0,9
TYSVSFDSLF,HLA-A*24:02,1,2,1.0,10
VADINDHAL,HLA-C*03:03,1,3,0.6666666666666666,9
VARLSSKSV,HLA-C*03:04,1,2,0.5,9
VDNPLMCRL,HLA-B*37:04,1,2,0.5,9
VEWLGRCIL,HLA-B*40:01,1,1,1.0,9
VFELANSIVL,HLA-A*24:02,1,2,0.5,10
VIIKPLVWV,HLA-A*02:01,1,1,1.0,9
VKITDFGRAK,HLA-A*11:01,1,2,0.5,10
VLAGGFFLL,HLA-A*02:01,1,2,1.0,9
VLAMAIYKQ,HLA-A*02:01,1,1,1.0,9
VLAVFIKAV,HLA-A*02:01,1,1,1.0,9
VLENFTIFLV,HLA-A*02:01,1,1,1.0,10
VLLALLMAGL,HLA-A*02:01,1,2,1.0,10
VLLGVKLFGV,HLA-A*02:01,1,4,1.0,10
VLLQAGSLHA,HLA-A*02:01,1,3,1.0,10
VLNGTVHPV,HLA-A*02:01,1,1,1.0,9
VLQCVNVSV,HLA-A*02:01,1,3,1.0,9
VLVHPQWVL,HLA-A*02:01,1,2,1.0,9
VLWDYVYQL,HLA-A*02:01,1,2,1.0,9
VLWDYVYQLL,HLA-A*02:01,1,2,1.0,10
VLYDGMEHL,HLA-A*02:01,1,1,1.0,9
VMLEGEQEA,HLA-A*02:01,1,1,1.0,9
VMLEGEQEE,HLA-A*02:01,1,1,1.0,9
VQIISCQY,HLA-A*30:02,1,2,1.0,8
VQLEEEYEV,HLA-A*02:01,1,2,1.0,9
VRAMAIYKQ,HLA-A*02:01,1,1,1.0,9
VRTLLSQVNK,HLA-B*27:05,1,1,1.0,10
VSDEGGSPI,HLA-A*02:01,1,2,0.5,9
VSKILPSTW,HLA-B*57:01,1,2,1.0,9
VTEKLQPTY,HLA-A*01:01,1,1,1.0,9
VTIGPRLLL,HLA-C*03:03,1,1,1.0,9
VVMSWAPPV,HLA-A*02:01,1,2,0.5,9
VVVPCEPPEV,HLA-A*02:01,1,3,0.6666666666666666,10
VVVPYEPPEV,HLA-A*02:01,1,3,0.6666666666666666,10
VYALIAGATL,HLA-A*02:01,1,3,0.6666666666666666,10
VYDYNCHVDL,HLA-A*24:02,1,6,0.8333333333333334,10
VYFFLPDHL,HLA-A*24:02,1,3,1.0,9
VYGIRLEHF,HLA-A*24:02,1,2,1.0,9
VYHEIHIGYL,HLA-B*40:01,1,1,1.0,10
VYQYTFPDF,HLA-A*24:02,1,2,1.0,9
VYQYTFPDFL,HLA-A*24:02,1,1,1.0,10
VYRPLHYPLL,HLA-C*07:02,1,3,0.6666666666666666,10
WLIRETQPITK,HLA-A*03:01,1,1,1.0,11
WLYDGMEHL,HLA-A*02:01,1,1,1.0,9
WRNILLLSLH,HLA-B*27:05,1,1,1.0,10
WVMPVIPAL,HLA-A*02:06,1,2,1.0,9
WVPVVFLTL,HLA-A*24:02,1,2,0.5,9
YEGQVISNGF,HLA-B*44:02,1,1,1.0,10
YEHEDVKEA,HLA-B*49:01,1,1,1.0,9
YHSIEWAI,HLA-B*38:01,1,2,1.0,8
YKLVVVGAG,HLA-A*02:01,1,1,1.0,9
YKLVVVGAV,HLA-A*02:01,1,1,1.0,9
YLCSGSSYFV,HLA-A*02:01,1,2,1.0,10
YLDLKGPKV,HLA-A*02:01,1,2,0.5,9
YLDTDVILM,HLA-A*02:01,1,2,1.0,9
YLEAGPVTA,HLA-A*02:01,1,2,1.0,9
YLEPGAVTA,HLA-A*02:01,1,2,0.5,9
YLEPGPATA,HLA-A*02:01,1,2,0.5,9
YLEPGPVAA,HLA-A*02:01,1,2,1.0,9
YLEPGPVTA,HLA-A*02:01,1,6,0.8333333333333334,9
YLEPGPVTV,HLA-A*02:01,1,2,1.0,9
YLLKPVQRI,HLA-A*02:01,1,1,1.0,9
YLLTDCNPA,HLA-A*02:01,1,1,1.0,9
YLPGVIAAI,HLA-A*02:01,1,12,0.6666666666666666,9
YLQTDVFLV,HLA-A*02:01,1,2,0.5,9
YLSGANLNL,HLA-A*02:01,1,1,1.0,9
YLSNIIPAL,HLA-A*02:01,1,4,1.0,9
YLTDKDFEF,HLA-A*02:01,1,2,1.0,9
YLTDKDFEFA,HLA-A*02:01,1,1,1.0,10
YLYDGMEHL,HLA-A*02:01,1,1,1.0,9
YLYDRLLRI,HLA-A*02:01,1,4,1.0,9
YLYDRLLRV,HLA-A*02:01,1,4,1.0,9
YMDGTMSQV,HLA-A*02:01,1,1,1.0,9
YMKSLEFENK,HLA-A*11:01,1,2,0.5,10
YMMMWDCWHA,HLA-A*02:01,1,2,0.5,10
YMMMWDCWHAV,HLA-A*02:01,1,2,0.5,11
YMYLRQLFHI,HLA-A*02:01,1,2,1.0,10
YPDTDVILM,HLA-A*02:01,1,2,0.5,9
YPPPPPALL,HLA-B*07:02,1,1,1.0,9
YPQTDVFLV,HLA-A*02:01,1,2,0.5,9
YPVIFKSIM,HLA-B*35:01,1,1,1.0,9
YQVSYGFRL,HLA-B*37:01,1,2,0.5,9
YQYTFPDF,HLA-B*15:01,1,1,1.0,8
YQYTFPDFLY,HLA-B*15:01,1,1,1.0,10
YSARIEENI,HLA-A*02:01,1,4,0.5,9
YSKNLNSFF,HLA-B*15:01,1,1,1.0,9
YTDFVGEGL,HLA-C*05:01,1,2,1.0,9
YVDFREYEYY,HLA-A*01:01,1,4,0.75,10
YVVPGSPCL,HLA-C*03:03,1,3,0.6666666666666666,9
YYPPSQIAQL,HLA-A*24:02,1,1,1.0,10
YYSKNLNSF,HLA-A*24:02,1,1,1.0,9
YYSKNLNSFF,HLA-A*24:02,1,2,1.0,10
AEWRNGSTSSL,HLA-A*68:01,0,1,0.0,11
SVGDFSQEF,HLA-B*15:01,0,1,0.0,9
GLYDGSEHL,HLA-A*02:01,0,1,0.0,9
TSIVVSQTL,HLA-B*08:01,0,1,0.0,9
SPVTFPAAA,HLA-B*56:01,0,1,0.0,9
SQFARVPGY,HLA-B*27:02,0,1,0.0,9
NLVPEVATV,HLA-A*02:01,0,1,0.0,9
VVFPRAIFSL,HLA-A*02:01,0,1,0.0,10
LQFEYTFEI,HLA-A*02:10,0,1,0.0,9
DHFETIIKY,HLA-B*18:01,0,1,0.0,9
ESIKEITNF,HLA-A*66:01,0,1,0.0,9
HIMPDTAEI,HLA-A*02:01,0,1,0.0,9
SSQPQVPFY,HLA-A*01:03,0,1,0.0,9
YMYEAPPGA,HLA-A*02:01,0,1,0.0,9
GRANDLVKYL,HLA-B*27:05,0,1,0.0,10
YTFEIQGVNGV,HLA-A*68:02,0,1,0.0,11
SVIVRTSSGK,HLA-A*03:01,0,1,0.0,10
TELERFLEY,HLA-B*44:02,0,1,0.0,9
SVISQLMKK,HLA-A*11:01,0,1,0.0,9
CLFFGIPWK,HLA-A*03:01,0,1,0.0,9
QIKLHLSPK,HLA-A*30:01,0,1,0.0,9
GLYTGMEHL,HLA-A*02:01,0,1,0.0,9
KADAKALLHIL,HLA-C*05:01,0,1,0.0,11
LMMSLSALF,HLA-A*24:02,0,1,0.0,9
YLLFQNTDL,HLA-A*02:01,0,1,0.0,9
YYSPQAQTL,HLA-A*24:02,0,1,0.0,9
ARSRFPQTF,HLA-C*07:01,0,1,0.0,9
LRFSIIEEF,HLA-B*27:05,0,1,0.0,9
GLYWGMEHL,HLA-A*02:01,0,1,0.0,9
SRSNFDSTL,HLA-B*27:05,0,1,0.0,9
YLRTAKFLEM,HLA-B*08:01,0,1,0.0,10
NLVPDVATV,HLA-A*02:01,0,1,0.0,9
GLYDGIEHL,HLA-A*02:01,0,1,0.0,9
FRICPIFVF,HLA-B*27:05,0,1,0.0,9
MPAWRTRGAI,HLA-B*08:01,0,1,0.0,10
ALMDKSLHV,HLA-A*02:01,0,1,0.0,9
ALFTWTNLL,HLA-A*02:01,0,1,0.0,9
MELKVESF,HLA-B*18:01,0,1,0.0,8
YHGDPMPCL,HLA-B*38:01,0,1,0.0,9
ISYLMIALM,HLA-C*12:03,0,1,0.0,9
GIIPPSVQV,HLA-A*02:01,0,1,0.0,9
GIPENSFNV,HLA-A*02:01,0,1,0.0,9
NFPGSQKVL,HLA-C*01:02,0,1,0.0,9
KLNFRLFVI,HLA-A*02:01,0,1,0.0,9
GPRLLLPCPM,HLA-B*35:01,0,1,0.0,10
KVVLPSDVTSY,HLA-A*32:01,0,1,0.0,11
EAGNNSRVPR,HLA-A*68:01,0,1,0.0,10
KYINKTIRVKF,HLA-A*24:02,0,1,0.0,11
RVRAMAIYK,HLA-A*11:01,0,1,0.0,9
WLLLCIPGL,HLA-A*02:06,0,1,0.0,9
FQDDDQTRL,HLA-B*39:01,0,1,0.0,9
TLVPDLLSPK,HLA-A*03:01,0,1,0.0,10
SASLHPATV,HLA-C*12:03,0,1,0.0,9
RTGKAAGLL,HLA-A*30:01,0,1,0.0,9
GLYDNMEHL,HLA-A*02:01,0,1,0.0,9
GLVDGMEHL,HLA-A*02:01,0,1,0.0,9
TYGESFHII,HLA-A*24:02,0,1,0.0,9
HLEDFLLHI,HLA-A*02:10,0,1,0.0,9
APSPGQPPAL,HLA-B*35:01,0,1,0.0,10
DVKAIGPLV,HLA-A*26:01,0,1,0.0,9
LLPPVYLTF,HLA-A*24:02,0,1,0.0,9
FFCDVQQVIKL,HLA-C*14:03,0,1,0.0,11
KADAKALLHI,HLA-C*05:01,0,1,0.0,10
GLYDGMGHL,HLA-A*02:01,0,1,0.0,9
APGPLPRSL,HLA-B*07:02,0,1,0.0,9
LLENVTLIY,HLA-A*01:03,0,1,0.0,9
TAVAGLASY,HLA-B*35:01,0,1,0.0,9
ALIRTLQQL,HLA-A*02:01,0,1,0.0,9
KAIESFLEK,HLA-A*30:01,0,1,0.0,9
TRSEMVKYV,HLA-C*06:02,0,1,0.0,9
SPLYSVKSL,HLA-B*07:02,0,1,0.0,9
GPAPVGTLSF,HLA-B*07:02,0,1,0.0,10
FLKHKLPLSL,HLA-A*02:01,0,1,0.0,10
FRFFATPAL,HLA-B*27:05,0,1,0.0,9
GDYDGMEHL,HLA-A*02:01,0,1,0.0,9
FVADWAGTF,HLA-A*25:01,0,1,0.0,9
ILRTLQQIKK,HLA-A*03:01,0,1,0.0,10
DVSVQVER,HLA-A*68:01,0,1,0.0,8
VVLSWAPPV,HLA-A*02:01,0,1,0.0,9
HRYFFFVAM,HLA-B*27:05,0,1,0.0,9
SLPSNVLSSL,HLA-A*02:01,0,1,0.0,10
CLMHHLAQA,HLA-A*02:03,0,1,0.0,9
VLAKKLKFV,HLA-A*02:01,0,1,0.0,9
GLYDGWEHL,HLA-A*02:01,0,1,0.0,9
RRYNADISTF,HLA-B*27:05,0,1,0.0,10
RRHVLEVEK,HLA-B*27:05,0,1,0.0,9
NLIFVFYM,HLA-A*02:01,0,1,0.0,8
HQFHVHPLL,HLA-B*41:02,0,1,0.0,9
ENITTIQFY,HLA-A*26:01,0,1,0.0,9
ALNSGSPPAI,HLA-A*02:01,0,1,0.0,10
LLLCIPGL,HLA-A*02:06,0,1,0.0,8
RYPRYLYKL,HLA-A*24:02,0,1,0.0,9
VFKDLSVTL,HLA-B*38:01,0,1,0.0,9
FLAPTGVPV,HLA-A*02:01,0,1,0.0,9
TPWCSPIKV,HLA-A*02:01,0,1,0.0,9
LPSFRPPTAL,HLA-B*08:01,0,1,0.0,10
WVYECTVFL,HLA-A*02:01,0,1,0.0,9
ILDTAGKEEY,HLA-A*01:01,0,1,0.0,10
SELRKTLGPIW,HLA-B*44:03,0,1,0.0,11
GLYAGMEHL,HLA-A*02:01,0,1,0.0,9
LIMPVPGILL,HLA-A*02:01,0,1,0.0,10
GRNDDVKCF,HLA-C*07:01,0,1,0.0,9
SLANFGGWV,HLA-A*02:01,0,1,0.0,9
TITAPSLSGK,HLA-A*03:01,0,1,0.0,10
IYIGVSVPI,HLA-A*24:02,0,1,0.0,9
LRPGIHHSL,HLA-C*07:01,0,1,0.0,9
ALQSQSISL,HLA-A*02:01,0,1,0.0,9
GHYDGMEHL,HLA-A*02:01,0,1,0.0,9
YPAPQPPVL,HLA-B*08:01,0,1,0.0,9
GLYDGMRHL,HLA-A*02:01,0,1,0.0,9
FMSTMDVLV,HLA-A*02:03,0,1,0.0,9
RRLLVRRNIF,HLA-B*27:05,0,1,0.0,10
GLYDGMEHG,HLA-A*02:01,0,1,0.0,9
LVVVGASGVGK,HLA-A*68:01,0,1,0.0,11
FLSIILDHL,HLA-A*02:03,0,1,0.0,9
EISDRFIGI,HLA-A*66:01,0,1,0.0,9
GLYDGKEHL,HLA-A*02:01,0,1,0.0,9
GLYDGVEHL,HLA-A*02:01,0,1,0.0,9
KLKLPIIMK,HLA-A*03:01,0,1,0.0,9
ITAEIFMEK,HLA-A*11:01,0,1,0.0,9
EEKAASSLVSY,HLA-B*44:03,0,1,0.0,11
TVLLKKIAF,HLA-B*08:01,0,1,0.0,9
KVLGKGSFAK,HLA-A*03:01,0,1,0.0,10
ALYVDSLFFL,HLA-A*02:01,0,1,0.0,10
SILMHGLVSL,HLA-A*02:01,0,1,0.0,10
LLVRNSFEV,HLA-A*02:01,0,1,0.0,9
QYMDSSLVKI,HLA-A*23:01,0,1,0.0,10
MLAEQLKQA,HLA-A*02:01,0,1,0.0,9
GLYDGMEDL,HLA-A*02:01,0,1,0.0,9
QTKPASLLY,HLA-A*26:01,0,1,0.0,9
GLYDGMSHL,HLA-A*02:01,0,1,0.0,9
YTAQIILAL,HLA-C*14:03,0,1,0.0,9
RESFDPSAFM,HLA-B*40:02,0,1,0.0,10
EMDMHLSDY,HLA-A*01:01,0,1,0.0,9
ALIRNLQQL,HLA-A*02:01,0,1,0.0,9
RTNPYSYAM,HLA-C*07:01,0,1,0.0,9
ITEEPILMTY,HLA-A*01:01,0,1,0.0,10
SYEKIYLDF,HLA-A*24:02,0,1,0.0,9
WRNILLLSL,HLA-B*27:05,0,1,0.0,9
KEYPVIFKSI,HLA-B*41:02,0,1,0.0,10
MAGPKGFQY,HLA-B*35:01,0,1,0.0,9
RRIYTGERPY,HLA-B*27:05,0,1,0.0,10
VVSHPHLVYW,HLA-A*68:02,0,1,0.0,10
EMKRVFGFPV,HLA-B*08:01,0,1,0.0,10
EEFWLVDLLP,HLA-B*18:01,0,1,0.0,10
KADAKALL,HLA-C*05:01,0,1,0.0,8
KQWLVWLAL,HLA-A*02:06,0,1,0.0,9
GVSKIIGGNPK,HLA-A*68:01,0,1,0.0,11
GLYDMMEHL,HLA-A*02:01,0,1,0.0,9
GLYRGMEHL,HLA-A*02:01,0,1,0.0,9
HSPFTATSL,HLA-C*01:02,0,1,0.0,9
ARWKHKTRK,HLA-B*27:05,0,1,0.0,9
ALLERASATL,HLA-A*02:01,0,1,0.0,10
RRWSALVIGL,HLA-B*27:02,0,1,0.0,10
