n	Patient	Mut_peptide	Norm_peptide	Target	ELISPOT_Log_Max_Min	Promiscuity	HLA_allele	Allele_Frequency	Mismatches	Chr	Genomic_Position	Genomic_Position_vcf	Ref	Alt	Mutation_Consequence	Protein_position	Gene_Symbol	Gene_ID	Transcript_ID	Proteome_Peptide_Match	Expression_Level	Expression_score	Mut_Of	Mut_Gp	Mut_Gl	Mut_Ip	Mut_Il	Mut_Icore	Mut_Rnk_EL	Norm_Core	Norm_Of	Norm_Gp	Norm_Gl	Norm_Ip	Norm_Il	Norm_Icore	Norm_Rnk_EL	Mut_protein_sequence	Norm_protein_sequence
1	5	ATPSRVPGF	ATPSRVPGS	0	0	{'HLA-C07:01', 'HLA-C07:02'}	HLA-C07:02	0.284	1	2	29003619-29003620	29003619	CC	TT	M	256	TOGARAM2	ENSG00000189350	ENST00000379558	No	0.198243748	0.289704580286615	0	0	0	0	0	ATPSRVPGF	0.8692	ATPSRVPGS	0	0	0	0	0	ATPSRVPGS	35.9875	SLGAIVIPPIPKARTVAATPSRVPGFLPSPLPPGQGVLTGLRAPRTRLARG	SLGAIVIPPIPKARTVAATPSRVPGSLPSPLPPGQGVLTGLRAPRTRLARG
2	5	LRMDMLASF	LRMDMLAST	0	0	{'HLA-B18:01', 'HLA-C07:01', 'HLA-C07:02'}	HLA-C07:02	0.385	1	19	55391569-55391570	55391569	AC	TT	M	114	RPL28	ENSG00000108107	ENST00000558815	No	503.78995	1	0	0	0	0	0	LRMDMLASF	0.0188	LRMDMLAST	0	0	0	0	0	LRMDMLAST	4.6861	TLSSIRHMIRKNKYRPDLRMDMLASFGSGLCCSVAVQPWASSSTSLCLRTL	TLSSIRHMIRKNKYRPDLRMDMLASTGSGLCCSVAVQPWASSSTSLCLRTL
3	5	YLFSREKMYL	YPFSREKMYL	0	0	{'HLA-A02:01'}	HLA-A02:01	0.287	1	12	5832476-5832477	5832476	GG	AA	M	251251255	ANO2	ENSG00000047617	ENST00000327087,ENST00000356134,ENST00000546188	No	0.03652423673296	0.13568229427768	0	4	1	0	0	YLFSREKMYL	0.1491	YPFSEKMYL	0	4	1	0	0	YPFSREKMYL	17.0926	LQKLSSHLQPRVPEHSNNKMKNLSYLFSREKMYLYNIQEKDTFFDNATRSR	LQKLSSHLQPRVPEHSNNKMKNLSYPFSREKMYLYNIQEKDTFFDNATRSR
4	5	KTGYTGVFR	KTGYTGVFG	1	0.43	{'HLA-A03:01'}	HLA-A03:01	0.422	1	4	125468520	125468520	G	A	M	2233	FAT4	ENSG00000196159	ENST00000335110	No	0.709518500865377	0.669324555514037	0	0	0	0	0	KTGYTGVFR	0.5055	KTGYTGVFG	0	0	0	0	0	KTGYTGVFG	16.5815	KNGAICQNFPGSFNCVCKTGYTGVFRKHCELNSYGFEELSYMEFPSLDPNN	KNGAICQNFPGSFNCVCKTGYTGVFGKHCELNSYGFEELSYMEFPSLDPNN
5	5	EHMGMVLLL	EHMGMVLLP	1	0.5	{'HLA-C07:02', 'HLA-C07:01'}	HLA-C07:01	0.35	1	1	31792268	31792268	G	A	M	463970406970	SPOCD1	ENSG00000134668	ENST00000257100,ENST00000360482,ENST00000452755,ENST00000533231	No	0.182573095126972	0.275284862453046	0	0	0	0	0	EHMGMVLLL	0.525	EHMGMVLLP	0	0	0	0	0	EHMGMVLLP	19.9636	LLYSYLNDRQRHGLASVEHMGMVLLLLPAFQPLPTRLRPLGGPGLWALPVS	LLYSYLNDRQRHGLASVEHMGMVLLPLPAFQPLPTRLRPLGGPGLWALPVS
6	5	EEFRLLNL	EEFRLLNP	1	0.76	{'HLA-B18:01'}	HLA-B18:01	0.344	1	2	10589651	10589651	G	A	M	458508482	NOL10	ENSG00000115761	ENST00000345985,ENST00000381685,ENST00000538384	No	16.054630220948	0.999999999999982	0	0	0	3	1	EEFRLLNL	0.4945	EEFRLLNP-	0	0	0	8	1	EEFRLLNP	2.874	DRFKVMFENPDFQVDEESEEFRLLNLLVSKISEKRKKKLRLLEQQELREKE	DRFKVMFENPDFQVDEESEEFRLLNPLVSKISEKRKKKLRLLEQQELREKE
7	5	ATPKLRAPPL	ATPKLRAPPP	1	0.81	{'HLA-B07:02'}	HLA-B07:02	0.453	1	5	143216250	143216250	C	T	M	145,88	ARHGAP26	ENSG00000145819	ENST00000421521,ENST00000425417	No	0.86744749493472	0.74758046405221	0	1	1	0	0	ATPKLRAPPL	0.4477	APKLRAPPP	0	1	1	0	0	ATPKLRAPPP	10.921	TVFDNAECPSASTAIFTATPKLRAPPLLTWALPLAA	TVFDNAECPSASTAIFTATPKLRAPPPLTWALPLAA
8	5	HLRAPAEPMAK	HLRAPAEPMAE	0	0	{'HLA-A03:01'}	HLA-A03:01	0.286	1	19	813406-813407	813406	CC	TT	M	468440	PLPPR3	ENSG00000129951	ENST00000359894,ENST00000520876	No	0.385040972039285	0.450271661363102	0	5	2	0	0	HLRAPAEPMAK	0.2813	HLRAPPMAE	0	5	2	0	0	HLRAPAEPMAE	16.6739	SLEGRGLGLPDDASPGHLRAPAEPMAKEEEEEEDEEEEEEEEEEEDEGPAP	SLEGRGLGLPDDASPGHLRAPAEPMAEEEEEEEDEEEEEEEEEEEDEGPAP
9	5	FLYDPSFNEAT	FPYDPSFNEAT	0	0	{'HLA-A02:01'}	HLA-A02:01	0.312	1	2	97688928	97688928	C	T	M	54,55,89	C2orf92	ENSG00000228486	ENST00000599435,ENST00000599501,ENST00000627399	No	1.06302411595174	0.822022977159909	0	7	2	0	0	FLYDPSFNEAT	0.4464	FPYDPSFNT	0	8	2	0	0	FPYDPSFNEAT	25.5942	SGSNEREEHLAKIFDEILLQVFPKFLYDPSFNEATAVRSITKTDMRKGTSI	SGSNEREEHLAKIFDEILLQVFPKFPYDPSFNEATAVRSITKTDMRKGTSI
10	5	RAPAEPMAK	RAPAEPMAE	0	0	{'HLA-A03:01'}	HLA-A03:01	0.286	1	19	813406-813407	813406	CC	TT	M	468440	PLPPR3	ENSG00000129951	ENST00000359894,ENST00000520876	No	0.385040972039285	0.450271661363102	0	0	0	0	0	RAPAEPMAK	0.6402	RAPAEPMAE	0	0	0	0	0	RAPAEPMAE	14.8811	SLEGRGLGLPDDASPGHLRAPAEPMAKEEEEEEDEEEEEEEEEEEDEGPAP	SLEGRGLGLPDDASPGHLRAPAEPMAEEEEEEEDEEEEEEEEEEEDEGPAP
11	5	ATKGSLVDDK	ATKGSLVDDE	0	0	{'HLA-A03:01'}	HLA-A03:01	0.328	1	6	38937991	38937991	G	A	M	3861,3644,3861	DNAH8	ENSG00000124721	ENST00000327475,ENST00000359357,ENST00000449981	No	0.037242129	0.136386901620721	0	7	1	0	0	ATKGSLVDDK	0.5414	ATKGSLVDE	0	7	1	0	0	ATKGSLVDDE	20.9451	KRKMKELEDNLLYKLSATKGSLVDDKSLIGVLRTTKQTAAEVSEKLHVAAE	KRKMKELEDNLLYKLSATKGSLVDDESLIGVLRTTKQTAAEVSEKLHVAAE
12	5	LLLPAFQPL	LPLPAFQPL	0	0	{'HLA-A02:01'}	HLA-A02:01	0.35	1	1	31792268	31792268	G	A	M	463970406970	SPOCD1	ENSG00000134668	ENST00000257100,ENST00000360482,ENST00000452755,ENST00000533231	No	0.182573095126972	0.275284862453046	0	0	0	0	0	LLLPAFQPL	0.5147	LPLPAFQPL	0	0	0	0	0	LPLPAFQPL	18.8924	LLYSYLNDRQRHGLASVEHMGMVLLLLPAFQPLPTRLRPLGGPGLWALPVS	LLYSYLNDRQRHGLASVEHMGMVLLPLPAFQPLPTRLRPLGGPGLWALPVS
13	5	ISKGDFPLEK	ISKGDFPLEE	0	0	{'HLA-A03:01'}	HLA-A03:01	0.304	1	8	105419233	105419233	G	A	M	44	ZFPM2	ENSG00000169946	ENST00000407775	No	0.201865085	0.293018491850905	0	3	1	0	0	ISKGDFPLEK	0.5819	ISKGFPLEE	0	4	1	0	0	ISKGDFPLEE	18.3203	AIEDEEEECPSEETDIISKGDFPLEKSFSTEFGPENLSCEEVEYFCNKGDD	AIEDEEEECPSEETDIISKGDFPLEESFSTEFGPENLSCEEVEYFCNKGDD
14	5	RNTLNPMWNK	RNTLNPMWNE	0	0	{'HLA-A03:01'}	HLA-A03:01	0.316	1	10	94306568	94306568	G	A	M	1614,1922,1614	PLCE1	ENSG00000138193	ENST00000371375,ENST00000371380,ENST00000371385	No	0.966865463984088	0.788277355727981	0	1	1	0	0	RNTLNPMWNK	0.1218	RTLNPMWNE	0	1	1	0	0	RNTLNPMWNE	6.6398	LGMPLDSCHFRTKPIHRNTLNPMWNKQFLFHVHFEDLVFLRFAVVENNSSA	LGMPLDSCHFRTKPIHRNTLNPMWNEQFLFHVHFEDLVFLRFAVVENNSSA
15	5	IRPSYRQDY	IGPSYRQDY	0	0	{'HLA-C07:01', 'HLA-C07:02'}	HLA-C07:02	0.253	1	X	35953620	35953620	G	A	M	359359359	CFAP47	ENSG00000165164	ENST00000297866,ENST00000378653,ENST00000493930	No	0.0619094673664	0.160509345641462	0	0	0	0	0	IRPSYRQDY	0.3384	IGPSYRQDY	0	0	0	0	0	IGPSYRQDY	5.0667	LQPYQKTVITFCFTPKLMAVGKKDIRPSYRQDYALFLRFESVGSKDGFLRD	LQPYQKTVITFCFTPKLMAVGKKDIGPSYRQDYALFLRFESVGSKDGFLRD
16	5	LEQPDAEQW	LGQPDAEQW	0	0	{'HLA-B18:01'}	HLA-B18:01	0.359	1	6	32815166	32815166	C	T	M	80,67,80	HLA	ENSG00000241106	ENST00000438763,ENST00000447394,ENST00000648009	No	2.92699570169878	0.99531406560439	0	0	0	0	0	LEQPDAEQW	0.5858	LGQPDAEQW	0	0	0	0	0	LGQPDAEQW	11.3481	PTGFLHDSRHRLSSDVGMFVALTKLEQPDAEQWNSRLDLLERSRQAVDGVC	PTGFLHDSRHRLSSDVGMFVALTKLGQPDAEQWNSRLDLLERSRQAVDGVC
17	5	NLNQIGHQK	NLNQIGHQE	0	0	{'HLA-A03:01'}	HLA-A03:01	0.327	1	10	25599047	25599047	G	A	M	1141,1062	GPR158	ENSG00000151025	ENST00000376351,ENST00000650135	No	0.055401105	0.154162118812606	0	0	0	0	0	NLNQIGHQK	0.3811	NLNQIGHQE	0	0	0	0	0	NLNQIGHQE	11.8256	QSEELPPKAVASKTENENLNQIGHQKKKTSSSEENVRGSYNSSNNFQQPLT	QSEELPPKAVASKTENENLNQIGHQEKKTSSSEENVRGSYNSSNNFQQPLT
18	5	MEGNGNGY	MEGNGNGH	0	0	{'HLA-B18:01'}	HLA-B18:01	0.292	1	17	45061407-45061408	45061407	CC	TT	M	26,26,25,26	NMT1	ENSG00000136448	ENST00000258960,ENST00000543908,ENST00000585561,ENST00000592782	No	24.700271678	1	0	0	0	2	1	MEGNGNGY	0.4393	ME-GNGNGH	0	0	0	2	1	MEGNGNGH	6.3983	MADESETAVKPPAPPLPQMMEGNGNGYEHCSDCENEEDNSYNRGGLSPAND	MADESETAVKPPAPPLPQMMEGNGNGHEHCSDCENEEDNSYNRGGLSPAND
19	5	GMVDPSLNF	GMVDPSLNP	1	0.3	{'HLA-A02:01', 'HLA-C07:01', 'HLA-C07:02'}	HLA-C07:02	0.349	1	2	98625784-98625785	98625784	GG	AA	M	507507507379	MGAT4A	ENSG00000071073	ENST00000264968,ENST00000393487,ENST00000409391,ENST00000414521	No	1.91310661800306	0.964941967674039	0	0	0	0	0	GMVDPSLNF	0.694	GMVDPSLNP	0	0	0	0	0	GMVDPSLNP	27.8075	LEDGYFRIGKFENGVAEGMVDPSLNFISAFRLSVIQNSAVWAILNEIHIKK	LEDGYFRIGKFENGVAEGMVDPSLNPISAFRLSVIQNSAVWAILNEIHIKK
20	5	EEVSYFNVQY	EEVSYFNVQS	1	0.69	{'HLA-B18:01'}	HLA-B18:01	0.283	1	2	178739608-178739609	178739608	CT	TA	M	4371,4304,4179,4542,4225,4225	TTN	ENSG00000155657	ENST00000342175,ENST00000359218,ENST00000460472,ENST00000589042,ENST00000591111,ENST00000615779	No	0.768476850182967	0.70059943060627	0	4	1	0	0	EEVSYFNVQY	0.0571	EEVSYFNVS	0	8	1	0	0	EEVSYFNVQS	3.9544	EPITEPEVESKYLISTEEVSYFNVQYRVKYLDATPVTKGVASAVVSDEKQD	EPITEPEVESKYLISTEEVSYFNVQSRVKYLDATPVTKGVASAVVSDEKQD
21	5	FISAFRLSV	PISAFRLSV	1	1	{'HLA-A02:01'}	HLA-A02:01	0.349	1	2	98625784-98625785	98625784	GG	AA	M	507507507379	MGAT4A	ENSG00000071073	ENST00000264968,ENST00000393487,ENST00000409391,ENST00000414521	No	1.91310661800306	0.964941967674039	0	0	0	0	0	FISAFRLSV	0.5114	PISAFRLSV	0	0	0	0	0	PISAFRLSV	8.4403	LEDGYFRIGKFENGVAEGMVDPSLNFISAFRLSVIQNSAVWAILNEIHIKK	LEDGYFRIGKFENGVAEGMVDPSLNPISAFRLSVIQNSAVWAILNEIHIKK
22	6	LPFLEEIL	LPFLEEIS	0	0	{'HLA-B51:01'}	HLA-B51:01	0.234	1	4	86888189	86888189	G	A	M	51,51,51,51	C4orf36	ENSG00000163633	ENST00000295898,ENST00000473559,ENST00000504008,ENST00000506308	No	1.33854967090067	1	0	0	0	5	1	LPFLEEIL	0.25	LPFLEEIS-	0	0	0	8	1	LPFLEEIS	7.3378	WDIALLAKTWSTNLANIKLPFLEEILFGGSVQLTKCTTIKDGLLPSAESIK	WDIALLAKTWSTNLANIKLPFLEEISFGGSVQLTKCTTIKDGLLPSAESIK
23	6	TATYDLVSSI	TATYDLVSST	0	0	{'HLA-C15:02', 'HLA-B51:01'}	HLA-B51:01	0.086	1	16	661660	661660	C	T	M	1246,1246	WDR90	ENSG00000161996	ENST00000293879,ENST00000549091	No	4.80574949921999	0.92877344622425	0	2	1	0	0	TATYDLVSSI	0.2949	TAYDLVSST	0	2	1	0	0	TATYDLVSST	12.6346	LVTLGDHDGRTLALWGTATYDLVSSIRLPEPVHGVAFNPWDAGELTCVGQG	LVTLGDHDGRTLALWGTATYDLVSSTRLPEPVHGVAFNPWDAGELTCVGQG
24	6	GLVELVQLK	GRVELVQLK	0	0	{'HLA-A11:01'}	HLA-A11:01	0.322	1	10	52251656	52251656	G	T	M	388373161	PRKG1	ENSG00000185532	ENST00000373980,ENST00000373985,ENST00000401604	No	0.2789839016	0.564501913057138	0	0	0	0	0	GLVELVQLK	0.3944	GRVELVQLK	0	0	0	0	0	GRVELVQLK	7.0862	EAAFFANLKLSDFNIIDTLGVGGFGLVELVQLKSEESKTFAMKILKKRHIV	EAAFFANLKLSDFNIIDTLGVGGFGRVELVQLKSEESKTFAMKILKKRHIV
25	6	IRPYSEMVI	IRPYSEMVT	0	0	{'HLA-C06:02'}	HLA-C06:02	0.316	1	4	84751712	84751712	G	A	M	1915	WDFY3	ENSG00000163625	ENST00000295888	No	1.50869933284	0.744620361315141	0	0	0	0	0	IRPYSEMVI	0.3956	IRPYSEMVT	0	0	0	0	0	IRPYSEMVT	10.1249	MSPDFLCALAATVFPFNIRPYSEMVIDLDDEVGSPAEEFKAFAADTGMNRS	MSPDFLCALAATVFPFNIRPYSEMVTDLDDEVGSPAEEFKAFAADTGMNRS
26	6	SRTSFRVANL	SKTSFRVANL	0	0	{'HLA-C06:02'}	HLA-C06:02	0.031	1	2	178580058	178580058	T	C	M	13537,13470,20769	AC010680	ENSG00000283186	ENST00000342175,ENST00000359218,ENST00000615779	No	0	1	0	5	1	0	0	SRTSFRVANL	0.7218	SKTSRVANL	0	4	1	0	0	SKTSFRVANL	11.6362	PIINYVVQKRDAERKSWSTVTTECSRTSFRVANLEEGKSYFFRVFAENEYG	PIINYVVQKRDAERKSWSTVTTECSKTSFRVANLEEGKSYFFRVFAENEYG
27	6	LADNHKTSK	LPDNHKTSK	0	0	{'HLA-A11:01'}	HLA-A11:01	0.1	1	11	17091408	17091408	G	C	M	1602	PIK3C2A	ENSG00000011405	ENST00000265970	No	0.750740172	0.388368565486143	0	0	0	0	0	LADNHKTSK	1.3915	LPDNHKTSK	0	0	0	0	0	LPDNHKTSK	9.2574	MVMHIKDLVTEDGADPNPYVKTYLLADNHKTSKRKTKISRKTRNPTFNEML	MVMHIKDLVTEDGADPNPYVKTYLLPDNHKTSKRKTKISRKTRNPTFNEML
28	6	NISEDVIFF	NISEDVIFS	1	0.32	{'HLA-A25:01'}	HLA-A25:01	0.25	1	12	30669257	30669257	G	A	M	357152	IPO8	ENSG00000133704	ENST00000256079,ENST00000544829	No	4.06593764	0.999999937277144	0	0	0	0	0	NISEDVIFF	0.2223	NISEDVIFS	0	0	0	0	0	NISEDVIFS	21.5094	QGVVHSITWKQMKPHIQNISEDVIFFVMCYKDEDEELWQEDPYEYIRMKFD	QGVVHSITWKQMKPHIQNISEDVIFSVMCYKDEDEELWQEDPYEYIRMKFD
29	6	DHYAYSYYL	DHYAYSYYP	1	0.36	{'HLA-B51:01', 'HLA-C06:02'}	HLA-C06:02	0.417	1	1	29289712	29289712	C	T	M	783	PTPRU	ENSG00000060656	ENST00000345512	No	0.370563502128	1	0	0	0	0	0	DHYAYSYYL	0.7655	DHYAYSYYP	0	0	0	0	0	DHYAYSYYP	25.5707	VLILLLGAIIVIIRKGRDHYAYSYYLKPVNMTKATVNYRQEKTHMMSAVDR	VLILLLGAIIVIIRKGRDHYAYSYYPKPVNMTKATVNYRQEKTHMMSAVDR
30	6	KTSPPGRSFCP	KTSPPGRSSCP	0	0	{'HLA-B57:01'}	HLA-B57:01	0.269	1	20	45419377	45419377	C	T	M	179133133133	PIGT	ENSG00000124155	ENST00000638445,ENST00000638671,ENST00000638745,ENST00000639984	No	54.805010498554	1	0	0	0	0	0	KTSPPGRSF	1.1474	KTSPPGRSP	0	8	2	0	0	KTSPPGRSSCP	7.4511	TTTFCAMLCCRGRWSAPKTSPPGRSFCPVVPRPLCAAEGRSLVPHQLPLPG	TTTFCAMLCCRGRWSAPKTSPPGRSSCPVVPRPLCAAEGRSLVPHQLPLPG
31	6	EADLRVQSL	EATLRTQSL	0	0	{'HLA-C15:02', 'HLA-C06:02'}	HLA-C06:02	0.25	2	9	129123081-129123082	129123081	T	TA	F	53,59,53,53,53,76,18,18,53,18,18,53	PTPA	ENSG00000119383	ENST00000337738,ENST00000348141,ENST00000355007,ENST00000358994,ENST00000393370,ENST00000417504,ENST00000417728,ENST00000440346,ENST00000445241,ENST00000452489,ENST00000453358,ENST00000455292	No	74.5085109492316	0.99997251239308	0	0	0	0	0	EADLRVQSL	1.5969	EATLRTQSL	0	0	0	0	0	EATLRTQSL	2.4388	EIHTVPDMGKWKRSQAYADYIGFILNPQRRCEGEEADLRVQSLRGH*	
32	6	DPPLLFDIL	DPPLLFDIS	0	0	{'HLA-B51:01'}	HLA-B51:01	0.35	1	X	3033153	3033153	C	T	M	486	ARSH	ENSG00000205667	ENST00000381130	No	0.0184397652	1	0	0	0	0	0	DPPLLFDIL	0.3961	DPPLLFDIS	0	0	0	0	0	DPPLLFDIS	9.7147	ACYGSGICSCSGDVTYHDPPLLFDILRDPSEALPLNPDNEPLFDSVIKKME	ACYGSGICSCSGDVTYHDPPLLFDISRDPSEALPLNPDNEPLFDSVIKKME
33	6	AAYGYWFKGW	AAYGYWFKGR	0	0	{'HLA-B57:01'}	HLA-B57:01	0.078	1	19	49960783	49960783	G	A	M	77,77	SIGLEC11	ENSG00000161640	ENST00000426971,ENST00000447370	No	0.06278963956	0.338584329423371	0	8	1	0	0	AAYGYWFKGW	0.4358	AAYGYWFKR	0	8	1	0	0	AAYGYWFKGR	17.424	VSCNLSYPRDGWDESTAAYGYWFKGWTSPKTGAPVATNNQSREVEMSTRDR	VSCNLSYPRDGWDESTAAYGYWFKGRTSPKTGAPVATNNQSREVEMSTRDR
34	6	QTFPRESCK	QNFPRESCK	0	0	{'HLA-A11:01'}	HLA-A11:01	0.108	1	2	216414871	216414871	A	C	M	56,56,56,56,56	SMARCAL1	ENSG00000138375	ENST00000357276,ENST00000358207,ENST00000430374,ENST00000434435,ENST00000444508	No	6.5225051864	0.999999971912065	0	0	0	0	0	QTFPRESCK	0.4471	QNFPRESCK	0	0	0	0	0	QNFPRESCK	5.0827	EQHQRTSSGTSIAGNPFQAKQGPSQTFPRESCKPVSHGVIFKQQNLSSSSN	EQHQRTSSGTSIAGNPFQAKQGPSQNFPRESCKPVSHGVIFKQQNLSSSSN
35	6	GGEVDSQALW	GGEVDSQALQ	0	0	{'HLA-B57:01'}	HLA-B57:01	0.133	1	19	42289076-42289082	42289075	ACAGGAAC	A	F	374,1283,374	CIC	ENSG00000079432	ENST00000160740,ENST00000572681,ENST00000575354	No	5.30107647690922	0.997294150353249	0	2	1	0	0	GGEVDSQALW	0.6244	GGVDSQALQ	0	2	1	0	0	GGEVDSQALQ	39.0286	SARPRAFSHSGVHSLDGGEVDSQALW*	SARPRAFSHSGVHSLDGGEVDSQALQELTQMVSGPASYSGPKPSTQYGAPG
36	6	RMTATGSGK	RMTATGSGE	0	0	{'HLA-A11:01'}	HLA-A11:01	0.25	1	7	100091140	100091140	G	A	M	213,212,92	COPS6	ENSG00000168090	ENST00000303904,ENST00000418625,ENST00000426712	No	132.869349966175	1	0	0	0	0	0	RMTATGSGK	0.7453	RMTATGSGE	0	0	0	0	0	RMTATGSGE	15.4249	YTLATEEAERIGVDHVARMTATGSGKNSTVAEHLIAQHSAIKMLHSRVKLI	YTLATEEAERIGVDHVARMTATGSGENSTVAEHLIAQHSAIKMLHSRVKLI
37	6	EDDVKDISFLF	EDDVKDISFLL	0	0	{'HLA-A25:01'}	HLA-A25:01	0.192	1	19	48832737	48832737	G	A	M	76	HSD17B14	ENSG00000087076	ENST00000599157	No	18.7290074606111	1	0	1	2	0	0	EDDVKDISFLF	1.4223	EVKDISFLL	0	1	2	0	0	EDDVKDISFLL	6.7283	QELPGAVFILCDVTQEDDVKDISFLFRPWFLRPSADLAAWIVLSTTLATLA	QELPGAVFILCDVTQEDDVKDISFLLRPWFLRPSADLAAWIVLSTTLATLA
38	6	WIFPYFFEF	WIFPYFFES	0	0	{'HLA-A25:01'}	HLA-A25:01	0.209	1	4	25351643	25351643	C	T	M	322187	ZCCHC4	ENSG00000168228	ENST00000302874,ENST00000505412	No	1.86241805711027	0.980680846861114	0	0	0	0	0	WIFPYFFEF	0.9854	WIFPYFFES	0	0	0	0	0	WIFPYFFES	30.8235	WKEGQSQDDSHKELPIFWIFPYFFEFRICQFFPSFQMLDYQVDYDNHALYK	WKEGQSQDDSHKELPIFWIFPYFFESRICQFFPSFQMLDYQVDYDNHALYK
39	6	YLKPKGPQSL	YLKPKGPQSP	0	0	{'HLA-C06:02'}	HLA-C06:02	0.041	1	19	15794854	15794854	C	T	M	269	OR10H5	ENSG00000172519	ENST00000308940	No	0	1	0	5	1	0	0	YLKPKGPQSL	1.0683	YLKPKPQSP	0	5	1	0	0	YLKPKGPQSP	33.859	SHLTVVVVHYGFASVIYLKPKGPQSLEGDTLMGITYTVLTPFLSPIIFSLR	SHLTVVVVHYGFASVIYLKPKGPQSPEGDTLMGITYTVLTPFLSPIIFSLR
40	6	KQRPPRLERM	KQRPPRLERT	0	0	{'HLA-C06:02'}	HLA-C06:02	0.364	1	17	7229446	7229446	G	A	M	250184244246	DVL2	ENSG00000004975	ENST00000005340,ENST00000574143,ENST00000575458,ENST00000575756	No	2.829022144916	0.99960605861278	0	1	1	0	0	KQRPPRLERM	1.2456	KRPPRLERT	0	1	1	0	0	KQRPPRLERT	26.8385	EQSSASRLLKRHRRRRKQRPPRLERMSSFSSVTDSTMSLNIITVTLNMEKY	EQSSASRLLKRHRRRRKQRPPRLERTSSFSSVTDSTMSLNIITVTLNMEKY
41	6	YRNWYTDEPF	YRNWYTDEPS	0	0	{'HLA-C06:02'}	HLA-C06:02	0.323	1	21	18256993	18256993	C	T	M	138,97,97,97,97,97,119	CHODL	ENSG00000154645	ENST00000299295,ENST00000338326,ENST00000400127,ENST00000400128,ENST00000400131,ENST00000400135,ENST00000543733	No	0.190344476	0.368704983092764	0	8	1	0	0	YRNWYTDEPF	0.7752	YRNWYTDES	0	8	1	0	0	YRNWYTDEPS	36.7857	GACPDLYQWSDGSNSQYRNWYTDEPFCGSEKCVVMYHQPTANPGLGGPYLY	GACPDLYQWSDGSNSQYRNWYTDEPSCGSEKCVVMYHQPTANPGLGGPYLY
42	6	DTLGVGGFGL	DTLGVGGFGR	0	0	{'HLA-A25:01'}	HLA-A25:01	0.322	1	10	52251656	52251656	G	T	M	388373161	PRKG1	ENSG00000185532	ENST00000373980,ENST00000373985,ENST00000401604	No	0.2789839016	0.564501913057138	0	7	1	0	0	DTLGVGGFGL	0.9322	DTLGVGFGR	0	5	1	0	0	DTLGVGGFGR	8.3557	EAAFFANLKLSDFNIIDTLGVGGFGLVELVQLKSEESKTFAMKILKKRHIV	EAAFFANLKLSDFNIIDTLGVGGFGRVELVQLKSEESKTFAMKILKKRHIV
43	6	APKTSPPGRSF	APKTSPPGRSS	0	0	{'HLA-B57:01'}	HLA-B57:01	0.269	1	20	45419377	45419377	C	T	M	179133133133	PIGT	ENSG00000124155	ENST00000638445,ENST00000638671,ENST00000638745,ENST00000639984	No	54.805010498554	1	0	1	2	0	0	APKTSPPGRSF	0.4298	ATSPPGRSS	0	1	2	0	0	APKTSPPGRSS	17.2339	TTTFCAMLCCRGRWSAPKTSPPGRSFCPVVPRPLCAAEGRSLVPHQLPLPG	TTTFCAMLCCRGRWSAPKTSPPGRSSCPVVPRPLCAAEGRSLVPHQLPLPG
44	6	LRVQSLRDV	LRVQHLRDH	0	0	{'HLA-C06:02'}	HLA-C06:02	0.25	2	9	129123081-129123082	129123081	T	TA	F	53,59,53,53,53,76,18,18,53,18,18,53	PTPA	ENSG00000119383	ENST00000337738,ENST00000348141,ENST00000355007,ENST00000358994,ENST00000393370,ENST00000417504,ENST00000417728,ENST00000440346,ENST00000445241,ENST00000452489,ENST00000453358,ENST00000455292	No	74.5085109492316	0.99997251239308	0	0	0	0	0	LRVQSLRDV	0.7951	LRVQHLRDH	0	0	0	0	0	LRVQHLRDH	11.3781	EIHTVPDMGKWKRSQAYADYIGFILNPQRRCEGEEADLRVQSLRDVE*	
45	6	ALSYLVSFQR	ALSYLVSFQT	1	0.39	{'HLA-A11:01'}	HLA-A11:01	0.063	1	19	12044754	12044754	G	C	M	216	ZNF878	ENSG00000257446	ENST00000547628	No	0	1	0	1	1	0	0	ALSYLVSFQR	0.9644	ASYLVSFQT	0	1	1	0	0	ALSYLVSFQT	21.8429	RIHSAKKPYECKQCGKALSYLVSFQRHMRMHTGERPHKCNICGKAFFSPSS	RIHSAKKPYECKQCGKALSYLVSFQTHMRMHTGERPHKCNICGKAFFSPSS
46	6	RTSSTQQDNPK	RTSSTQQDNPQ	1	0.4	{'HLA-A11:01'}	HLA-A11:01	0.096	1	22	37723649	37723649	C	A	M	365	TRIOBP	ENSG00000100106	ENST00000406386	No	9.5610834788	1	0	6	2	0	0	RTSSTQQDNPK	1.9886	RTSSTQNPQ	0	6	2	0	0	RTSSTQQDNPQ	22.1667	PRASSPSRSTQLDNPRTSSTQQDNPKTSFPTCTPQRENPRTPCVQQDDPRA	PRASSPSRSTQLDNPRTSSTQQDNPQTSFPTCTPQRENPRTPCVQQDDPRA
47	6	LTAIQSFFF	LTAICLFFG	0	0	{'HLA-A25:01', 'HLA-B57:01'}	HLA-B57:01	0.031	3	2	32650133-32650134	32650133	C	CTTTTTTTT	F	180	TTC27	ENSG00000018699	ENST00000317907	No	5.852028084	0.999999827793111	0	0	0	0	0	LTAIQSFFF	1.2749	LTAICLFFG	0	0	0	0	0	LTAICLFFG	31.1818	SKPILLLLARIILVNVRHKLTAIQSFFFCHGGL*	
48	6	ILSCSDTSIFK	ILSCSDTSIFE	0	0	{'HLA-A11:01'}	HLA-A11:01	0.308	1	1	248203653	248203653	G	A	M	196	OR2M3	ENSG00000228198	ENST00000456743	No	0	1	0	2	2	0	0	ILSCSDTSIFK	1.4381	ILSDTSIFE	0	2	2	0	0	ILSCSDTSIFE	37.2727	SREIAHFFCDFPSLLILSCSDTSIFKKILFICCIVMIVFPVAIIIASYARV	SREIAHFFCDFPSLLILSCSDTSIFEKILFICCIVMIVFPVAIIIASYARV
49	6	TVGESSKSSY	TFGESSKSSY	0	0	{'HLA-A25:01'}	HLA-A25:01	0.067	1	X	100406710	100406710	A	C	M	630630630	PCDH19	ENSG00000165194	ENST00000255531,ENST00000373034,ENST00000420881	No	0.00847908124	1	0	6	1	0	0	TVGESSKSSY	1.4734	TFGESSSSY	0	6	1	0	0	TFGESSKSSY	6.8703	YDMTEGDRGFFEIDQVNGEVRTTRTVGESSKSSYELIVVAHDHGKTSLSAS	YDMTEGDRGFFEIDQVNGEVRTTRTFGESSKSSYELIVVAHDHGKTSLSAS
50	6	ASAEWRRRR	DSAEWRRRR	0	0	{'HLA-A11:01'}	HLA-A11:01	0.136	1	3	49651913	49651913	A	C	M	786	BSN	ENSG00000164061	ENST00000296452	No	0.02364058576	0.144881089130133	0	0	0	0	0	ASAEWRRRR	1.5684	DSAEWRRRR	0	0	0	0	0	DSAEWRRRR	11.4228	PHSLSITPEAFDSDEELEDILEEDEASAEWRRRREQQDTAESSDDFGSQLR	PHSLSITPEAFDSDEELEDILEEDEDSAEWRRRREQQDTAESSDDFGSQLR
51	6	FIKKPKSWK	FIKKPKSWE	0	0	{'HLA-A11:01'}	HLA-A11:01	0.14	1	19	47882117	47882117	C	T	M	147	SULT2A1	ENSG00000105398	ENST00000222002	No	0.0169633688	1	0	0	0	0	0	FIKKPKSWK	1.5808	FIKKPKSWE	0	0	0	0	0	FIKKPKSWE	23.537	NPRDVLVSGYFFWKNMKFIKKPKSWKEYFEWFCQGTVLYGSWFDHIHGWMP	NPRDVLVSGYFFWKNMKFIKKPKSWEEYFEWFCQGTVLYGSWFDHIHGWMP
52	6	GREREGSFY	GREREGSFH	0	0	{'HLA-C06:02'}	HLA-C06:02	0.046	1	7	150742794	150742794	C	T	M	423	GIMAP1	ENSG00000281887	ENST00000611999	No	2.72174844	1	0	0	0	0	0	GREREGSFY	1.5852	GREREGSFH	0	0	0	0	0	GREREGSFH	22.0645	EEQRQQQAELLAVIERLGREREGSFYSNDLFLDAQLLQRTGAGACQEDYRQ	EEQRQQQAELLAVIERLGREREGSFHSNDLFLDAQLLQRTGAGACQEDYRQ
53	6	LSSITMPKI	LSSITMPKM	0	0	{'HLA-B51:01'}	HLA-B51:01	0.157	1	11	4640072	4640072	G	A	M	94	OR51D1	ENSG00000197428	ENST00000357605	No	0	1	0	0	0	0	0	LSSITMPKI	1.9205	LSSITMPKM	0	0	0	0	0	LSSITMPKM	6.1447	HEPMYLFLAMLSTIDLVLSSITMPKIASLFLMGIQEIEFNICLAQMFLIHA	HEPMYLFLAMLSTIDLVLSSITMPKMASLFLMGIQEIEFNICLAQMFLIHA
55	6	KPRQPVVHIW	KPLQPVVHIW	0	0	{'HLA-C06:02'}	HLA-C06:02	0.15	1	11	62608648	62608648	A	C	M	3.36E+17	EML3	ENSG00000149499	ENST00000278845,ENST00000394773,ENST00000394776,ENST00000494176,ENST00000529309,ENST00000531557	No	23.4266471111671	0.999999999999758	0	1	1	0	0	KPRQPVVHIW	1.6225	KPLPVVHIW	0	3	1	0	0	KPLQPVVHIW	12.3617	CLAVHPDGVRVASGQTAGVDKDGKPRQPVVHIWDSETLLKLQEIGLGAFER	CLAVHPDGVRVASGQTAGVDKDGKPLQPVVHIWDSETLLKLQEIGLGAFER
56	6	RSSTRPPAER	RSSTRPPAEM	0	0	{'HLA-A11:01'}	HLA-A11:01	0.2	1	9	136839353	136839353	T	G	M	542543543	RABL6	ENSG00000196642	ENST00000311502,ENST00000371663,ENST00000425121	No	26.266855471254	1	0	4	1	0	0	RSSTRPPAER	1.711	RSSTPPAEM	0	4	1	0	0	RSSTRPPAEM	15.4421	APPWPGGVSVRTGPEKRSSTRPPAEREPGKGEQASSSESDPEGPIAAQMLS	APPWPGGVSVRTGPEKRSSTRPPAEMEPGKGEQASSSESDPEGPIAAQMLS
57	6	SSAWVQHADY	PSAWVQHADY	0	0	{'HLA-A25:01'}	HLA-A25:01	0.176	1	1	160092372	160092372	G	A	M	546546546	IGSF8	ENSG00000162729	ENST00000314485,ENST00000368086,ENST00000614243	No	20.0658488434104	1	0	8	1	0	0	SSAWVQHADY	1.7697	PSAWVQHAY	0	8	1	0	0	PSAWVQHADY	10.0305	LVGPRSHRLRLHSLGPEDEGVYHCASSAWVQHADYSWYQAGSARSGPVTVY	LVGPRSHRLRLHSLGPEDEGVYHCAPSAWVQHADYSWYQAGSARSGPVTVY
58	6	SSIRLPEPV	SSTRLPEPV	0	0	{'HLA-C15:02'}	HLA-C15:02	0.086	1	16	661660	661660	C	T	M	1246,1246	WDR90	ENSG00000161996	ENST00000293879,ENST00000549091	No	4.80574949921999	0.92877344622425	0	0	0	0	0	SSIRLPEPV	1.7848	SSTRLPEPV	0	0	0	0	0	SSTRLPEPV	5.1499	LVTLGDHDGRTLALWGTATYDLVSSIRLPEPVHGVAFNPWDAGELTCVGQG	LVTLGDHDGRTLALWGTATYDLVSSTRLPEPVHGVAFNPWDAGELTCVGQG
59	6	DALSSLFNI	DGLSSLFNI	0	0	{'HLA-A25:01'}	HLA-A25:01	0.167	1	18	8825835	8825835	G	C	M	1761,1442,1442,1401,767	MTCL1	ENSG00000168502	ENST00000306329,ENST00000359865,ENST00000400050,ENST00000517570,ENST00000518815	No	0.293485266583009	0.426642772264117	0	0	0	0	0	DALSSLFNI	1.9455	DGLSSLFNI	0	0	0	0	0	DGLSSLFNI	14.241	KGYSESAWARSTTTRESPVHTTINDALSSLFNIIDHSPVVQDPFQKGLRAG	KGYSESAWARSTTTRESPVHTTINDGLSSLFNIIDHSPVVQDPFQKGLRAG
60	6	PVKNLPQV	PVKNLPQM	1	0.23	{'HLA-B51:01'}	HLA-B51:01	0.291	1	12	553553	553553	A	G	M	544447	B4GALNT3	ENSG00000139044	ENST00000266383,ENST00000322843	No	0.962351952138439	0.265628092365751	0	0	0	0	1	PVKNLPQV	1.3715	-PVKNLPQM	0	0	0	0	1	PVKNLPQM	5.0918	SPEPSQDSPHSDKWPPGHPVKNLPQVRGPRPRPAGDSPRKTQWLNQVESYI	SPEPSQDSPHSDKWPPGHPVKNLPQMRGPRPRPAGDSPRKTQWLNQVESYI
61	6	SSEDDGFFLGK	SSEDDGFFLGE	1	0.29	{'HLA-A11:01'}	HLA-A11:01	0.114	1	X	49175825	49175825	C	T	M	498566	PRICKLE3	ENSG00000012211	ENST00000453382,ENST00000599218	No	0.766513750623284	1	0	2	2	0	0	SSEDDGFFLGK	1.6701	SSDGFFLGE	0	2	2	0	0	SSEDDGFFLGE	30.8571	DSESCSSSPSSSSSESSEDDGFFLGKRIPLPPHLCRPMPAQDTAMETFNSP	DSESCSSSPSSSSSESSEDDGFFLGERIPLPPHLCRPMPAQDTAMETFNSP
62	6	KVLNMAAK	KVLNMAAE	0	0	{'HLA-A11:01'}	HLA-A11:01	0.25	1	14	79697758	79697758	G	A	M	244,274,876,1268,274,244,1268,1279	NRXN3	ENSG00000021645	ENST00000281127,ENST00000428277,ENST00000554719,ENST00000554738,ENST00000555387,ENST00000557594,ENST00000634499,ENST00000635466	No	0.17334489	0.211527067801559	0	0	0	4	1	KVLNMAAK	1.9096	KVL-NMAAE	0	0	0	3	1	KVLNMAAE	30.1905	DKGRLFQGQLSGLYYDGLKVLNMAAKNNPNIKINGSVRLVGEVPSILGTTQ	DKGRLFQGQLSGLYYDGLKVLNMAAENNPNIKINGSVRLVGEVPSILGTTQ
63	6	DVKDISFLFR	DVKDISFLLR	0	0	{'HLA-A25:01'}	HLA-A25:01	0.192	1	19	48832737	48832737	G	A	M	76	HSD17B14	ENSG00000087076	ENST00000599157	No	18.7290074606111	1	0	0	0	0	0	DVKDISFLF	1.9493	DVKDISFLL	0	0	0	0	0	DVKDISFLL	6.5132	QELPGAVFILCDVTQEDDVKDISFLFRPWFLRPSADLAAWIVLSTTLATLA	QELPGAVFILCDVTQEDDVKDISFLLRPWFLRPSADLAAWIVLSTTLATLA
64	6	YGYGGLGCGY	CGYGGLGCGY	0	0	{'HLA-A25:01'}	HLA-A25:01	0.077	1	21	30592612	30592612	G	A	M	56	KRTAP6	ENSG00000212938	ENST00000391624	Yes	0.21413242	1	0	7	1	0	0	YGYGGLGCGY	1.6152	CGYGGLGGY	0	7	1	0	0	CGYGGLGCGY	10.6896	GCGYGGCGYGCCGYGGLGFGYGGLDYGYGGLGCGYGSFCGCGYRGLDCGYG	GCGYGGCGYGCCGYGGLGFGYGGLDCGYGGLGCGYGSFCGCGYRGLDCGYG
65	6	KGSLQGELQI	KGPLQGELQI	0	0	{'HLA-B57:01'}	HLA-B57:01	0.669	1	2	30606045	30606045	C	T	M	258	LCLAT1	ENSG00000172954	ENST00000319406	No	1.4206385296	1	0	1	1	0	0	KGSLQGELQI	1.389	KGLQGELQI	0	2	1	0	0	KGPLQGELQI	7.3744	PRTTGFTFVVDRLREGRRQSEGSKGSLQGELQITAQGNQRGHKQMEKHSML	PRTTGFTFVVDRLREGRRQSEGSKGPLQGELQITAQGNQRGHKQMEKHSML
66	6	KSKLVRHQRI	KSKLVRHQRT	1	0.2	{'HLA-B57:01'}	HLA-B57:01	0.05	1	19	57572444	57572444	G	A	M	487	ZNF416	ENSG00000083817	ENST00000196489	No	1.82453364	0.996005228459852	0	5	1	0	0	KSKLVRHQRI	1.8242	KSKLVHQRT	0	5	1	0	0	KSKLVRHQRT	13.0384	AERPYVCGECGKAFMFKSKLVRHQRIHTGERPFECSECGKFFRQSYTLVEH	AERPYVCGECGKAFMFKSKLVRHQRTHTGERPFECSECGKFFRQSYTLVEH
67	6	DDIYPIDFY	DDIYPIDFH	1	0.27	{'HLA-A25:01'}	HLA-A25:01	0.357	1	3	160381575	160381575	G	A	M	63,63,63,63,63	IFT80	ENSG00000068885	ENST00000326448,ENST00000478536,ENST00000482317,ENST00000489004,ENST00000498409	No	1.407144	1	0	0	0	0	0	DDIYPIDFY	1.8598	DDIYPIDFH	0	0	0	0	0	DDIYPIDFH	13.685	VKWNLLTSETTQIVKLPDDIYPIDFYWFPKSLGVKKQTQAESFVLTSSDGK	VKWNLLTSETTQIVKLPDDIYPIDFHWFPKSLGVKKQTQAESFVLTSSDGK
68	6	KRIPLPPHLC	ERIPLPPHLC	1	0.4	{'HLA-C06:02'}	HLA-C06:02	0.114	1	X	49175825	49175825	C	T	M	498566	PRICKLE3	ENSG00000012211	ENST00000453382,ENST00000599218	No	0.766513750623284	1	0	0	0	0	0	KRIPLPPHL	1.8949	ERIPLPPHL	0	0	0	0	0	ERIPLPPHL	5.2192	DSESCSSSPSSSSSESSEDDGFFLGKRIPLPPHLCRPMPAQDTAMETFNSP	DSESCSSSPSSSSSESSEDDGFFLGERIPLPPHLCRPMPAQDTAMETFNSP
69	6	LVRRTLLHV	LVRRTLLHA	1	0.43	{'HLA-C15:02'}	HLA-C15:02	0.147	1	3	51863072	51863072	C	T	M	66	IQCF2	ENSG00000184345	ENST00000333127	No	0	1	0	0	0	0	0	LVRRTLLHV	1.8239	LVRRTLLHA	0	0	0	0	0	LVRRTLLHA	6.4246	RIRTKAAVKIQAWWRGTLVRRTLLHVALRAWIIQCWWRMTLSRVLEKKRQA	RIRTKAAVKIQAWWRGTLVRRTLLHAALRAWIIQCWWRMTLSRVLEKKRQA
70	32	TQAHHALLR	TQAHHALLQ	0	0	{'HLA-A31:01'}	HLA-A31:01	0.786	1	21	46431839	46431839	A	G	M	2792	PCNT	ENSG00000160299	ENST00000359568	No	-	1	0	0	0	0	0	TQAHHALLR	0.491	TQAHHALLQ	0	0	0	0	0	TQAHHALLQ	16.7851	LTEQLSQRTQEACVHQDTQAHHALLRKLKEEKSRVVDLQAMLEKVQQQALH	LTEQLSQRTQEACVHQDTQAHHALLQKLKEEKSRVVDLQAMLEKVQQQALH
71	32	VARASHRQQR	VARASHRQQG	0	0	{'HLA-A31:01'}	HLA-A31:01	0.375	1	22	50000765	50000765	C	T	M	70,70	IL17REL	ENSG00000188263	ENST00000341280,ENST00000389983	No	-	1	0	6	1	0	0	VARASHRQQR	1.4176	VRASHRQQG	0	1	1	0	0	VARASHRQQG	70.6667	CAMSLDTQETQCQSVWVARASHRQQRGQQLQVHFGCFAVSVAQHLYVTLRT	CAMSLDTQETQCQSVWVARASHRQQGGQQLQVHFGCFAVSVAQHLYVTLRT
72	32	YSESGVQL	DSESGVQL	0	0	{'HLA-C05:01'}	HLA-C05:01	0.247	1	1	16938921	16938921	G	T	M	463,323,65,357	CROCC	ENSG00000058453	ENST00000375541,ENST00000445545,ENST00000467715,ENST00000467938	No	-	1	0	0	0	3	1	YSESGVQL	1.0418	DSE-SGVQL	0	0	0	3	1	DSESGVQL	12.9747	EKQNLEKDQVNKDLTEKLEALAVLSYSESGVQLSGSERTADASNGSLRGLS	EQAALETEDGEGLQQTLRDLAQAVLSDSESGVQLSGSERTADASNGSLRGL
73	32	TSLPQTQGL	TSLPQTQGP	1	0.23	{'HLA-B57:01', 'HLA-C07:01'}	HLA-B57:01	0.375	1	21	46416739	46416739	C	T	M	2274	PCNT	ENSG00000160299	ENST00000359568	No	-	1	0	0	0	0	0	TSLPQTQGL	0.9547	TSLPQTQGP	0	0	0	0	0	TSLPQTQGP	10.0275	GALSLCSADTSLGDRADTSLPQTQGLGLLCSPGVSAAALALQWAESPPADD	GALSLCSADTSLGDRADTSLPQTQGPGLLCSPGVSAAALALQWAESPPADD
74	32	ALAPALWWR	ALAPALWWG	1	0.38	{'HLA-A31:01'}	HLA-A31:01	0.381	1	19	43362297	43362297	G	A	M	431	CD177	ENSG00000204936	ENST00000618265	No	-	1	0	0	0	0	0	ALAPALWWR	0.1684	ALAPALWWG	0	0	0	0	0	ALAPALWWG	17.6978	EGGGAEGLESLTWGVGLALAPALWWRVVCPSC	EGGGAEGLESLTWGVGLALAPALWWGVVCPSC
75	32	STALRLTAF	SRALRLTAF	1	0.54	{'HLA-B57:01', 'HLA-C05:01', 'HLA-A01:01'}	HLA-B57:01	0.308	1	16	30506720	30506720	G	C	M	791707	ITGAL	ENSG00000005844	ENST00000356798,ENST00000358164	No	-	1	0	0	0	0	0	STALRLTAF	0.6356	SRALRLTAF	0	0	0	0	0	SRALRLTAF	10.9777	PFEKNCGEDKKCEANLRVSFSPARSTALRLTAFASLSVELSLSNLEEDAYW	PFEKNCGEDKKCEANLRVSFSPARSRALRLTAFASLSVELSLSNLEEDAYW
76	32	RHTIAPRNWR	RHTIAPRNWG	0	0	{'HLA-A31:01'}	HLA-A31:01	0.407	1	22	50531218	50531218	C	G	M	131,63,131	ODF3B	ENSG00000177989	ENST00000329363,ENST00000403326,ENST00000428989	No	-	1	0	1	1	0	0	RHTIAPRNWR	0.1038	RTIAPRNWG	0	1	1	0	0	RHTIAPRNWG	29.9286	RYFPERAGNATYPSAPRHTIAPRNWRVQAEQQSPGPAAYTVPSLLGPRVIG	RYFPERAGNATYPSAPRHTIAPRNWGVQAEQQSPGPAAYTVPSLLGPRVIG
77	32	LSTWAGLKPSW	LSTWAGLKPSR	0	0	{'HLA-B57:01'}	HLA-B57:01	0.366	1	20	62193517	62193517	C	T	M	33,33,33	MTG2	ENSG00000101181	ENST00000370823,ENST00000448254,ENST00000467101	No	-	1	0	2	2	0	0	LSTWAGLKPSW	0.6456	LSAGLKPSR	0	2	2	0	0	LSTWAGLKPSR	47.9474	SARLRTVFQGVGHWALSTWAGLKPSWLLPQRASPRLLSVGRADLAKHQELP	SARLRTVFQGVGHWALSTWAGLKPSRLLPQRASPRLLSVGRADLAKHQELP
78	32	VPPDQLPL	VPPDQLPP	0	0	{'HLA-B51:01'}	HLA-B51:01	0.452	1	20	62312635	62312635	G	A	M	3075	LAMA5	ENSG00000130702	ENST00000252999	No	-	1	0	0	0	7	1	VPPDQLPL	0.8767	VPPDQLPP-	0	0	0	8	1	VPPDQLPP	16.7525	SVEQDNDLELADAYYLGGVPPDQLPLSLRRLFPTGGSVRGCVKGIKALGKY	SVEQDNDLELADAYYLGGVPPDQLPPSLRRLFPTGGSVRGCVKGIKALGKY
79	32	VTLGHGLPELY	VTLGHGLPELH	1	0.27	{'HLA-A01:01'}	HLA-A01:01	0.363	1	11	67663227	67663227	G	A	M	112	ALDH3B2	ENSG00000132746	ENST00000531248	No	-	1	0	7	2	0	0	VTLGHGLPELY	0.3322	VTLGHGLLH	0	7	2	0	0	VTLGHGLPELH	9.5396	IKGDPLPTLYRLEPAAVTLGHGLPELYPPVSVPPASNGSHRET	IKGDPLPTLYRLEPAAVTLGHGLPELHPPVSVPPASNGSHRET
80	32	AALGCISLLW	AALGCISLLC	1	0.39	{'HLA-B57:01'}	HLA-B57:01	0.335	1	22	50481895	50481895	C	G	M	16,16	ADM2	ENSG00000128165	ENST00000395737,ENST00000395738	No	-	1	0	4	1	0	0	AALGCISLLW	0.2374	AALGISLLC	0	4	1	0	0	AALGCISLLC	29.519	MARIPTAALGCISLLWLQLPGSLSRSLGGDPRPVKPREPPA	MARIPTAALGCISLLCLQLPGSLSRSLGGDPRPVKPREPPA
81	32	LTLVPYTLVW	LTLVPYTLVR	0	0	{'HLA-B57:01'}	HLA-B57:01	0.352	1	17	80205094	80205094	C	T	M	820820820	CARD14	ENSG00000141527	ENST00000344227,ENST00000573882,ENST00000648509	No	-	1	0	2	1	0	0	LTLVPYTLVW	0.2768	LTVPYTLVR	0	2	1	0	0	LTLVPYTLVR	30.5811	PSRMEGSSTCFWAESCLTLVPYTLVWPHRPARPRPVLLVPRAVGKILSEKL	PSRMEGSSTCFWAESCLTLVPYTLVRPHRPARPRPVLLVPRAVGKILSEKL
82	32	ATTKDTYRR	ATTKDTYRH	0	0	{'HLA-A31:01'}	HLA-A31:01	0.349	1	5	150070569	150070569	T	C	M	362362	CSF1R	ENSG00000182578	ENST00000286301,ENST00000504875	No	-	1	0	0	0	0	0	ATTKDTYRR	0.2864	ATTKDTYRH	0	0	0	0	0	ATTKDTYRH	6.461	TYLGPFSDHQPEPKLANATTKDTYRRTFTLSLPRLKPSEAGRYSFLARNPG	TYLGPFSDHQPEPKLANATTKDTYRHTFTLSLPRLKPSEAGRYSFLARNPG
83	32	SPTKALLSI	SPTKALLST	0	0	{'HLA-B51:01'}	HLA-B51:01	0.421	1	10	133186142	133186142	C	T	M	265200	KNDC1	ENSG00000171798	ENST00000304613,ENST00000368571	No	-	1	0	0	0	0	0	SPTKALLSI	0.1567	SPTKALLST	0	0	0	0	0	SPTKALLST	9.3016	LPTPEGPESETSRGPRASPTKALLSIPVRNGESHSREGLAGLVLDAERTLG	LPTPEGPESETSRGPRASPTKALLSTPVRNGESHSREGLAGLVLDAERTLG
84	32	CSRSCGGGLW	CSRSCGGGLR	0	0	{'HLA-B57:01'}	HLA-B57:01	0.309	1	7	149812331	149812331	C	T	M	3274	SSPO	ENSG00000197558	ENST00000378016	No	-	1	0	4	1	0	0	CSRSCGGGLW	0.7034	CSRSGGGLR	0	4	1	0	0	CSRSCGGGLR	38.9474	GCDRAGGWGPWGPWSHCSRSCGGGLWSRTRACDQPPPQGLGDYCEGPRAQG	GCDRAGGWGPWGPWSHCSRSCGGGLRSRTRACDQPPPQGLGDYCEGPRAQG
85	32	LAHARRPIAQW	LAHARRPIAQR	0	0	{'HLA-B57:01'}	HLA-B57:01	0.817	1	11	1837342	1837342	C	T	M	359373372	SYT8	ENSG00000149043	ENST00000341958,ENST00000381968,ENST00000381978	No	-	1	0	1	2	0	0	LAHARRPIAQW	0.611	LARRPIAQR	0	1	2	0	0	LAHARRPIAQR	34.7692	GARASGQPLQHWADMLAHARRPIAQWHPLRPAREVDRMLALQPRLRLRLPL	LGARASGQPLQHWADMLAHARRPIAQRHPLRPAREVDRMLALQPRLRLRLP
86	32	IPALQLLL	ILALQLLL	0	0	{'HLA-B51:01'}	HLA-B51:01	0.402	1	8	144114582	144114582	T	C	M	1274	WDR97	ENSG00000179698	ENST00000323662	No	-	1	0	0	0	5	1	IPALQLLL	0.232	ILA-LQLLL	0	0	0	3	1	ILALQLLL	13.5701	GLLVHLLNLDQPPSLQDQTQKKFVIPALQLLLACSLESRDVVLELMSYFLY	GLLVHLLNLDQPPSLQDQTQKKFVILALQLLLACSLESRDVVLELMSYFLY
87	32	KIQQALNIQR	KIQQALNIQQ	0	0	{'HLA-A31:01'}	HLA-A31:01	0.5	1	11	6528774	6528774	A	G	M	697697	DNHD1	ENSG00000179532	ENST00000254579,ENST00000527990	No	-	1	0	2	1	0	0	KIQQALNIQR	0.2636	KIQALNIQQ	0	2	1	0	0	KIQQALNIQQ	13.8685	FPHNYKQLEEDLDNNPKIQQALNIQRVLLEGVLCKVQEFCREHHWITGIYE	FPHNYKQLEEDLDNNPKIQQALNIQQVLLEGVLCKVQEFCREHHWITGIYE
88	32	RSPYWACKR	RSPYWACKG	0	0	{'HLA-A31:01'}	HLA-A31:01	0.772	1	16	84195164	84195164	G	C	M	307235144	ADAD2	ENSG00000140955	ENST00000268624,ENST00000315906,ENST00000567685	No	-	1	0	0	0	0	0	RSPYWACKR	0.6899	RSPYWACKG	0	0	0	0	0	RSPYWACKG	57.9412	QRCAALVSAGFDLLLDERSPYWACKRTVAGVILEREIPRARGHVKEIYKLV	QRCAALVSAGFDLLLDERSPYWACKGTVAGVILEREIPRARGHVKEIYKLV
89	32	RANLSSQALR	RANLSSQALQ	0	0	{'HLA-A31:01'}	HLA-A31:01	0.678	1	3	52786995	52786995	A	G	M	595,148,18,307	ITIH1	ENSG00000055957	ENST00000273283,ENST00000428133,ENST00000484844,ENST00000537050	No	-	1	0	3	1	0	0	RANLSSQALR	0.3115	RANSSQALQ	0	3	1	0	0	RANLSSQALQ	20.615	TIQELLAKRMKVDREERANLSSQALRMSLDYGFVTPLTSMSIRGMADQDGL	TIQELLAKRMKVDREERANLSSQALQMSLDYGFVTPLTSMSIRGMADQDGL
90	32	AWASREPLRPR	AWASREPLRPW	1	0.21	{'HLA-A31:01'}	HLA-A31:01	0.661	1	19	49016648	49016648	A	G	M	28,28	LHB	ENSG00000104826	ENST00000221421,ENST00000649238	No	-	1	0	1	2	0	0	AWASREPLRPR	1.7384	AWASREPLR	0	0	0	0	0	AWASREPLR	19.625	MLQGLLLLLLLSMGGAWASREPLRPRCHPINAILAVEKEGCPVCITVNTTI	MLQGLLLLLLLSMGGAWASREPLRPWCHPINAILAVEKEGCPVCITVNTTI
91	32	SPDHKLHLF	SPHHKLHLF	1	0.36	{'HLA-C07:01', 'HLA-C05:01', 'HLA-A01:01'}	HLA-C05:01	0.724	1	22	25205229	25205229	C	G	M	113	CRYBB3	ENSG00000100053	ENST00000215855	No	-	1	0	0	0	0	0	SPDHKLHLF	0.3465	SPHHKLHLF	0	0	0	0	0	SPHHKLHLF	5.4677	RWDAWSNSRDSDSLLSLRPLNIDSPDHKLHLFENPAFSGRKMEIVDDDVPS	RWDAWSNSRDSDSLLSLRPLNIDSPHHKLHLFENPAFSGRKMEIVDDDVPS
92	32	SSQLAQIQR	SSQLAQIQC	1	0.36	{'HLA-A31:01'}	HLA-A31:01	0.672	1	17	40978955	40978955	A	G	M	349349	KRT40	ENSG00000204889	ENST00000377755,ENST00000398486	No	-	1	0	0	0	0	0	SSQLAQIQR	0.2415	SSQLAQIQC	0	0	0	0	0	SSQLAQIQC	28.7778	SLTESLECTVAETEAQYSSQLAQIQRLIDNLENQLAEIRCDLERQNQEYQV	SLTESLECTVAETEAQYSSQLAQIQCLIDNLENQLAEIRCDLERQNQEYQV
93	32	QSAHFRGW	QRAHFRGW	1	0.4	{'HLA-B57:01'}	HLA-B57:01	0.523	1	19	48874661	48874661	G	T	M	476115	PPP1R15A	ENSG00000087074	ENST00000200453,ENST00000600406	No	-	1	0	0	0	3	1	QSAHFRGW	0.5848	Q-RAHFRGW	0	0	0	1	1	QRAHFRGW	7.7174	EDKEDDSEAALGEAESDPHPSHPDQSAHFRGWGYRPGKETEEEEAAEDWGE	EDKEDDSEAALGEAESDPHPSHPDQRAHFRGWGYRPGKETEEEEAAEDWGE
94	32	RASRLTSQM	RASRLTSQT	0	0	{'HLA-B57:01'}	HLA-B57:01	0.739	1	9	131087543	131087543	C	T	M	115,1433	LAMC3	ENSG00000050555	ENST00000355452,ENST00000361069	No	-	1	0	0	0	0	0	RASRLTSQM	0.4293	RASRLTSQT	0	0	0	0	0	RASRLTSQT	7.3037	SAKLAKALLRERKQAHRRASRLTSQMQATLQQASQQVLASEARRQELEEAE	DSAKLAKALLRERKQAHRRASRLTSQTQATLQQASQQVLASEARRQELEEA
95	32	TSKDPVGRNWC	TGKDPVGRNWC	0	0	{'HLA-B57:01'}	HLA-B57:01	0.5	1	10	86957397	86957397	C	T	M	49	MMRN2	ENSG00000173269	ENST00000372027	No	-	1	0	3	1	0	0	TSKDPVGRNW	1.3349	TGKPVGRNW	0	3	1	0	0	TGKDPVGRNW	9.3866	ASSTSLSDLQSSRTPGVWKAEAEDTSKDPVGRNWCPYPMSKLVTLLALCKT	ASSTSLSDLQSSRTPGVWKAEAEDTGKDPVGRNWCPYPMSKLVTLLALCKT
